﻿<?xml version="1.0" encoding="utf-8"?>
<abapGit version="v1.0.0" serializer="LCL_OBJECT_DOMA" serializer_version="v1.0.0">
 <asx:abap xmlns:asx="http://www.sap.com/abapxml" version="1.0">
  <asx:values>
   <DD01V>
    <DOMNAME>ZDRPCX_MODULE</DOMNAME>
    <DDLANGUAGE>3</DDLANGUAGE>
    <DATATYPE>CHAR</DATATYPE>
    <LENG>000002</LENG>
    <OUTPUTLEN>000002</OUTPUTLEN>
    <VALEXI>X</VALEXI>
    <DDTEXT>모듈</DDTEXT>
   </DD01V>
   <DD07V_TAB>
    <DD07V>
     <VALPOS>0001</VALPOS>
     <DDLANGUAGE>3</DDLANGUAGE>
     <DDTEXT>N/A</DDTEXT>
    </DD07V>
    <DD07V>
     <VALPOS>0002</VALPOS>
     <DDLANGUAGE>3</DDLANGUAGE>
     <DOMVALUE_L>SD</DOMVALUE_L>
     <DDTEXT>영업관리</DDTEXT>
    </DD07V>
    <DD07V>
     <VALPOS>0003</VALPOS>
     <DDLANGUAGE>3</DDLANGUAGE>
     <DOMVALUE_L>MM</DOMVALUE_L>
     <DDTEXT>자재관리</DDTEXT>
    </DD07V>
    <DD07V>
     <VALPOS>0004</VALPOS>
     <DDLANGUAGE>3</DDLANGUAGE>
     <DOMVALUE_L>SP</DOMVALUE_L>
     <DDTEXT>공급망계획관리</DDTEXT>
    </DD07V>
    <DD07V>
     <VALPOS>0005</VALPOS>
     <DDLANGUAGE>3</DDLANGUAGE>
     <DOMVALUE_L>PP</DOMVALUE_L>
     <DDTEXT>생산관리</DDTEXT>
    </DD07V>
    <DD07V>
     <VALPOS>0006</VALPOS>
     <DDLANGUAGE>3</DDLANGUAGE>
     <DOMVALUE_L>DS</DOMVALUE_L>
     <DDTEXT>생산계획</DDTEXT>
    </DD07V>
    <DD07V>
     <VALPOS>0007</VALPOS>
     <DDLANGUAGE>3</DDLANGUAGE>
     <DOMVALUE_L>PM</DOMVALUE_L>
     <DDTEXT>설비관리</DDTEXT>
    </DD07V>
    <DD07V>
     <VALPOS>0008</VALPOS>
     <DDLANGUAGE>3</DDLANGUAGE>
     <DOMVALUE_L>FI</DOMVALUE_L>
     <DDTEXT>재무회계</DDTEXT>
    </DD07V>
    <DD07V>
     <VALPOS>0009</VALPOS>
     <DDLANGUAGE>3</DDLANGUAGE>
     <DOMVALUE_L>TR</DOMVALUE_L>
     <DDTEXT>자금관리</DDTEXT>
    </DD07V>
    <DD07V>
     <VALPOS>0010</VALPOS>
     <DDLANGUAGE>3</DDLANGUAGE>
     <DOMVALUE_L>CO</DOMVALUE_L>
     <DDTEXT>관리회계</DDTEXT>
    </DD07V>
    <DD07V>
     <VALPOS>0011</VALPOS>
     <DDLANGUAGE>3</DDLANGUAGE>
     <DOMVALUE_L>PS</DOMVALUE_L>
     <DDTEXT>프로젝트관리</DDTEXT>
    </DD07V>
    <DD07V>
     <VALPOS>0012</VALPOS>
     <DDLANGUAGE>3</DDLANGUAGE>
     <DOMVALUE_L>MD</DOMVALUE_L>
     <DDTEXT>기준정보</DDTEXT>
    </DD07V>
    <DD07V>
     <VALPOS>0013</VALPOS>
     <DDLANGUAGE>3</DDLANGUAGE>
     <DOMVALUE_L>BC</DOMVALUE_L>
     <DDTEXT>시스템관리</DDTEXT>
    </DD07V>
    <DD07V>
     <VALPOS>0014</VALPOS>
     <DDLANGUAGE>3</DDLANGUAGE>
     <DOMVALUE_L>CM</DOMVALUE_L>
     <DDTEXT>공통</DDTEXT>
    </DD07V>
    <DD07V>
     <VALPOS>0015</VALPOS>
     <DDLANGUAGE>3</DDLANGUAGE>
     <DOMVALUE_L>WM</DOMVALUE_L>
     <DDTEXT>창고관리</DDTEXT>
    </DD07V>
    <DD07V>
     <VALPOS>0016</VALPOS>
     <DDLANGUAGE>3</DDLANGUAGE>
     <DOMVALUE_L>ZZ</DOMVALUE_L>
     <DDTEXT>Test</DDTEXT>
    </DD07V>
   </DD07V_TAB>
   <I18N_LANGS>
    <LANGU>E</LANGU>
   </I18N_LANGS>
   <DD01_TEXTS>
    <item>
     <DDLANGUAGE>E</DDLANGUAGE>
     <DDTEXT>Module</DDTEXT>
    </item>
   </DD01_TEXTS>
   <DD07_TEXTS>
    <item>
     <VALPOS>0001</VALPOS>
     <DDLANGUAGE>E</DDLANGUAGE>
     <DDTEXT>N/A</DDTEXT>
    </item>
    <item>
     <VALPOS>0002</VALPOS>
     <DDLANGUAGE>E</DDLANGUAGE>
     <DOMVALUE_L>SD</DOMVALUE_L>
     <DDTEXT>Sales &amp; Distribution</DDTEXT>
    </item>
    <item>
     <VALPOS>0003</VALPOS>
     <DDLANGUAGE>E</DDLANGUAGE>
     <DOMVALUE_L>MM</DOMVALUE_L>
     <DDTEXT>Material Management</DDTEXT>
    </item>
    <item>
     <VALPOS>0004</VALPOS>
     <DDLANGUAGE>E</DDLANGUAGE>
     <DOMVALUE_L>SP</DOMVALUE_L>
     <DDTEXT>Supply Chain and Planning</DDTEXT>
    </item>
    <item>
     <VALPOS>0005</VALPOS>
     <DDLANGUAGE>E</DDLANGUAGE>
     <DOMVALUE_L>PP</DOMVALUE_L>
     <DDTEXT>Production Planning</DDTEXT>
    </item>
    <item>
     <VALPOS>0006</VALPOS>
     <DDLANGUAGE>E</DDLANGUAGE>
     <DOMVALUE_L>DS</DOMVALUE_L>
     <DDTEXT>Production Planning and Detailed Scheduling</DDTEXT>
    </item>
    <item>
     <VALPOS>0007</VALPOS>
     <DDLANGUAGE>E</DDLANGUAGE>
     <DOMVALUE_L>PM</DOMVALUE_L>
     <DDTEXT>Plant Maintenance</DDTEXT>
    </item>
    <item>
     <VALPOS>0008</VALPOS>
     <DDLANGUAGE>E</DDLANGUAGE>
     <DOMVALUE_L>FI</DOMVALUE_L>
     <DDTEXT>Financial</DDTEXT>
    </item>
    <item>
     <VALPOS>0009</VALPOS>
     <DDLANGUAGE>E</DDLANGUAGE>
     <DOMVALUE_L>TR</DOMVALUE_L>
     <DDTEXT>Treasury</DDTEXT>
    </item>
    <item>
     <VALPOS>0010</VALPOS>
     <DDLANGUAGE>E</DDLANGUAGE>
     <DOMVALUE_L>CO</DOMVALUE_L>
     <DDTEXT>Controls</DDTEXT>
    </item>
    <item>
     <VALPOS>0011</VALPOS>
     <DDLANGUAGE>E</DDLANGUAGE>
     <DOMVALUE_L>PS</DOMVALUE_L>
     <DDTEXT>Project Management</DDTEXT>
    </item>
    <item>
     <VALPOS>0012</VALPOS>
     <DDLANGUAGE>E</DDLANGUAGE>
     <DOMVALUE_L>MD</DOMVALUE_L>
     <DDTEXT>Master Data</DDTEXT>
    </item>
    <item>
     <VALPOS>0013</VALPOS>
     <DDLANGUAGE>E</DDLANGUAGE>
     <DOMVALUE_L>BC</DOMVALUE_L>
     <DDTEXT>Basis</DDTEXT>
    </item>
    <item>
     <VALPOS>0014</VALPOS>
     <DDLANGUAGE>E</DDLANGUAGE>
     <DOMVALUE_L>CM</DOMVALUE_L>
     <DDTEXT>Common</DDTEXT>
    </item>
    <item>
     <VALPOS>0015</VALPOS>
     <DDLANGUAGE>E</DDLANGUAGE>
     <DOMVALUE_L>WM</DOMVALUE_L>
     <DDTEXT>Warehouse Management</DDTEXT>
    </item>
    <item>
     <VALPOS>0016</VALPOS>
     <DDLANGUAGE>E</DDLANGUAGE>
     <DOMVALUE_L>ZZ</DOMVALUE_L>
     <DDTEXT>Test</DDTEXT>
    </item>
   </DD07_TEXTS>
  </asx:values>
 </asx:abap>
</abapGit>
