﻿<?xml version="1.0" encoding="utf-8"?>
<abapGit version="v1.0.0" serializer="LCL_OBJECT_DTEL" serializer_version="v1.0.0">
 <asx:abap xmlns:asx="http://www.sap.com/abapxml" version="1.0">
  <asx:values>
   <DD04V>
    <ROLLNAME>ZERPCX_ITEMCD</ROLLNAME>
    <DDLANGUAGE>3</DDLANGUAGE>
    <DOMNAME>CHAR10</DOMNAME>
    <HEADLEN>55</HEADLEN>
    <SCRLEN1>10</SCRLEN1>
    <SCRLEN2>20</SCRLEN2>
    <SCRLEN3>40</SCRLEN3>
    <DDTEXT>항목 코드 (코드마스터)</DDTEXT>
    <REPTEXT>항목 코드</REPTEXT>
    <SCRTEXT_S>항목 코드</SCRTEXT_S>
    <SCRTEXT_M>항목 코드</SCRTEXT_M>
    <SCRTEXT_L>항목 코드</SCRTEXT_L>
    <DTELMASTER>3</DTELMASTER>
    <REFKIND>D</REFKIND>
   </DD04V>
   <I18N_LANGS>
    <LANGU>E</LANGU>
   </I18N_LANGS>
   <DD04_TEXTS>
    <item>
     <DDLANGUAGE>E</DDLANGUAGE>
     <DDTEXT>Item Code</DDTEXT>
     <REPTEXT>Item Code</REPTEXT>
     <SCRTEXT_S>Item Code</SCRTEXT_S>
     <SCRTEXT_M>Item Code</SCRTEXT_M>
     <SCRTEXT_L>Item Code</SCRTEXT_L>
    </item>
   </DD04_TEXTS>
  </asx:values>
 </asx:abap>
</abapGit>
