﻿<?xml version="1.0" encoding="utf-8"?>
<abapGit version="v1.0.0" serializer="LCL_OBJECT_DTEL" serializer_version="v1.0.0">
 <asx:abap xmlns:asx="http://www.sap.com/abapxml" version="1.0">
  <asx:values>
   <DD04V>
    <ROLLNAME>ZERPCX_AMT_VZ</ROLLNAME>
    <DDLANGUAGE>3</DDLANGUAGE>
    <DOMNAME>DEC17_5</DOMNAME>
    <HEADLEN>55</HEADLEN>
    <SCRLEN1>10</SCRLEN1>
    <SCRLEN2>20</SCRLEN2>
    <SCRLEN3>40</SCRLEN3>
    <DDTEXT>금액(17.5)</DDTEXT>
    <REPTEXT>금액(15.2)</REPTEXT>
    <SCRTEXT_S>금액(15.2)</SCRTEXT_S>
    <SCRTEXT_M>금액(15.2)</SCRTEXT_M>
    <SCRTEXT_L>금액(15.2)</SCRTEXT_L>
    <DTELMASTER>3</DTELMASTER>
    <REFKIND>D</REFKIND>
   </DD04V>
   <I18N_LANGS>
    <LANGU>E</LANGU>
   </I18N_LANGS>
   <DD04_TEXTS>
    <item>
     <DDLANGUAGE>E</DDLANGUAGE>
     <DDTEXT>Amount (17.5)</DDTEXT>
     <REPTEXT>Amount (15.2)</REPTEXT>
     <SCRTEXT_S>Amount (15</SCRTEXT_S>
     <SCRTEXT_M>Amount (15.2)</SCRTEXT_M>
     <SCRTEXT_L>Amount (15.2)</SCRTEXT_L>
    </item>
   </DD04_TEXTS>
  </asx:values>
 </asx:abap>
</abapGit>
