﻿<?xml version="1.0" encoding="utf-8"?>
<abapGit version="v1.0.0" serializer="LCL_OBJECT_DTEL" serializer_version="v1.0.0">
 <asx:abap xmlns:asx="http://www.sap.com/abapxml" version="1.0">
  <asx:values>
   <DD04V>
    <ROLLNAME>ZERPCX_CLGRPTX</ROLLNAME>
    <DDLANGUAGE>3</DDLANGUAGE>
    <DOMNAME>TEXT30</DOMNAME>
    <HEADLEN>55</HEADLEN>
    <SCRLEN1>10</SCRLEN1>
    <SCRLEN2>20</SCRLEN2>
    <SCRLEN3>40</SCRLEN3>
    <DDTEXT>클래스 그룹 내역 (코드마스터)</DDTEXT>
    <REPTEXT>클래스그룹내역</REPTEXT>
    <SCRTEXT_S>클래스그룹내역</SCRTEXT_S>
    <SCRTEXT_M>클래스그룹내역</SCRTEXT_M>
    <SCRTEXT_L>클래스그룹내역</SCRTEXT_L>
    <DTELMASTER>3</DTELMASTER>
    <REFKIND>D</REFKIND>
   </DD04V>
   <I18N_LANGS>
    <LANGU>E</LANGU>
   </I18N_LANGS>
   <DD04_TEXTS>
    <item>
     <DDLANGUAGE>E</DDLANGUAGE>
     <DDTEXT>Class Group Description</DDTEXT>
     <REPTEXT>Class Group Description</REPTEXT>
     <SCRTEXT_S>C/Grp Desc</SCRTEXT_S>
     <SCRTEXT_M>Class Group Desc</SCRTEXT_M>
     <SCRTEXT_L>Class Group Description</SCRTEXT_L>
    </item>
   </DD04_TEXTS>
  </asx:values>
 </asx:abap>
</abapGit>
