﻿<?xml version="1.0" encoding="utf-8"?>
<abapGit version="v1.0.0" serializer="LCL_OBJECT_DTEL" serializer_version="v1.0.0">
 <asx:abap xmlns:asx="http://www.sap.com/abapxml" version="1.0">
  <asx:values>
   <DD04V>
    <ROLLNAME>ZERPCX_AVSQL</ROLLNAME>
    <DDLANGUAGE>3</DDLANGUAGE>
    <DOMNAME>CHAR255</DOMNAME>
    <HEADLEN>55</HEADLEN>
    <SCRLEN1>10</SCRLEN1>
    <SCRLEN2>20</SCRLEN2>
    <SCRLEN3>40</SCRLEN3>
    <DDTEXT>SQL 점검 조건 (코드마스터)</DDTEXT>
    <REPTEXT>점검 조건</REPTEXT>
    <SCRTEXT_S>점검 조건</SCRTEXT_S>
    <SCRTEXT_M>점검 조건</SCRTEXT_M>
    <SCRTEXT_L>점검 조건</SCRTEXT_L>
    <DTELMASTER>3</DTELMASTER>
    <REFKIND>D</REFKIND>
   </DD04V>
   <I18N_LANGS>
    <LANGU>E</LANGU>
   </I18N_LANGS>
   <DD04_TEXTS>
    <item>
     <DDLANGUAGE>E</DDLANGUAGE>
     <DDTEXT>SQL Condition</DDTEXT>
     <REPTEXT>SQL Condition</REPTEXT>
     <SCRTEXT_S>SQL Cond</SCRTEXT_S>
     <SCRTEXT_M>SQL Condition</SCRTEXT_M>
     <SCRTEXT_L>SQL Condition</SCRTEXT_L>
    </item>
   </DD04_TEXTS>
  </asx:values>
 </asx:abap>
</abapGit>
