﻿<?xml version="1.0" encoding="utf-8"?>
<abapGit version="v1.0.0" serializer="LCL_OBJECT_DTEL" serializer_version="v1.0.0">
 <asx:abap xmlns:asx="http://www.sap.com/abapxml" version="1.0">
  <asx:values>
   <DD04V>
    <ROLLNAME>ZERPCX_USER_CAN</ROLLNAME>
    <DDLANGUAGE>3</DDLANGUAGE>
    <DOMNAME>XFIELD</DOMNAME>
    <HEADLEN>55</HEADLEN>
    <SCRLEN1>10</SCRLEN1>
    <SCRLEN2>20</SCRLEN2>
    <SCRLEN3>40</SCRLEN3>
    <DDTEXT>사용자 입력 가능 (&apos;X&apos; 입력가능)</DDTEXT>
    <REPTEXT>사용자 입력 가능</REPTEXT>
    <SCRTEXT_S>사용자 입력</SCRTEXT_S>
    <SCRTEXT_M>사용자 입력 가능</SCRTEXT_M>
    <SCRTEXT_L>사용자 입력 가능</SCRTEXT_L>
    <DTELMASTER>3</DTELMASTER>
    <REFKIND>D</REFKIND>
   </DD04V>
   <I18N_LANGS>
    <LANGU>E</LANGU>
   </I18N_LANGS>
   <DD04_TEXTS>
    <item>
     <DDLANGUAGE>E</DDLANGUAGE>
     <DDTEXT>User can enter</DDTEXT>
     <REPTEXT>User can enter</REPTEXT>
     <SCRTEXT_S>User can</SCRTEXT_S>
     <SCRTEXT_M>User can enter</SCRTEXT_M>
     <SCRTEXT_L>User can enter</SCRTEXT_L>
    </item>
   </DD04_TEXTS>
  </asx:values>
 </asx:abap>
</abapGit>
