﻿<?xml version="1.0" encoding="utf-8"?>
<abapGit version="v1.0.0" serializer="LCL_OBJECT_DTEL" serializer_version="v1.0.0">
 <asx:abap xmlns:asx="http://www.sap.com/abapxml" version="1.0">
  <asx:values>
   <DD04V>
    <ROLLNAME>ZERPCX_EMP_NO</ROLLNAME>
    <DDLANGUAGE>3</DDLANGUAGE>
    <DOMNAME>ZDRPCX_EMP_NO</DOMNAME>
    <HEADLEN>55</HEADLEN>
    <SCRLEN1>10</SCRLEN1>
    <SCRLEN2>20</SCRLEN2>
    <SCRLEN3>40</SCRLEN3>
    <DDTEXT>사원번호</DDTEXT>
    <REPTEXT>사원번호</REPTEXT>
    <SCRTEXT_S>사원번호</SCRTEXT_S>
    <SCRTEXT_M>사원번호</SCRTEXT_M>
    <SCRTEXT_L>사원번호</SCRTEXT_L>
    <DTELMASTER>3</DTELMASTER>
    <REFKIND>D</REFKIND>
   </DD04V>
   <I18N_LANGS>
    <LANGU>E</LANGU>
   </I18N_LANGS>
   <DD04_TEXTS>
    <item>
     <DDLANGUAGE>E</DDLANGUAGE>
     <DDTEXT>Employee No.</DDTEXT>
     <REPTEXT>Employee No.</REPTEXT>
     <SCRTEXT_S>Emp. No.</SCRTEXT_S>
     <SCRTEXT_M>Employee No.</SCRTEXT_M>
     <SCRTEXT_L>Employee No.</SCRTEXT_L>
    </item>
   </DD04_TEXTS>
  </asx:values>
 </asx:abap>
</abapGit>
