﻿<?xml version="1.0" encoding="utf-8"?>
<abapGit version="v1.0.0" serializer="LCL_OBJECT_DTEL" serializer_version="v1.0.0">
 <asx:abap xmlns:asx="http://www.sap.com/abapxml" version="1.0">
  <asx:values>
   <DD04V>
    <ROLLNAME>ZERPCX_GCDNM</ROLLNAME>
    <DDLANGUAGE>3</DDLANGUAGE>
    <DOMNAME>TEXT40</DOMNAME>
    <HEADLEN>55</HEADLEN>
    <SCRLEN1>10</SCRLEN1>
    <SCRLEN2>20</SCRLEN2>
    <SCRLEN3>40</SCRLEN3>
    <DDTEXT>그룹코드명 (코드마스터)</DDTEXT>
    <REPTEXT>그룹코드명</REPTEXT>
    <SCRTEXT_S>그룹코드명</SCRTEXT_S>
    <SCRTEXT_M>그룹코드명</SCRTEXT_M>
    <SCRTEXT_L>그룹코드명</SCRTEXT_L>
    <DTELMASTER>3</DTELMASTER>
    <REFKIND>D</REFKIND>
   </DD04V>
   <I18N_LANGS>
    <LANGU>E</LANGU>
   </I18N_LANGS>
   <DD04_TEXTS>
    <item>
     <DDLANGUAGE>E</DDLANGUAGE>
     <DDTEXT>Group Code Name</DDTEXT>
     <REPTEXT>Group Code Name</REPTEXT>
     <SCRTEXT_S>G/CodeName</SCRTEXT_S>
     <SCRTEXT_M>Group Code Name</SCRTEXT_M>
     <SCRTEXT_L>Group Code Name</SCRTEXT_L>
    </item>
   </DD04_TEXTS>
  </asx:values>
 </asx:abap>
</abapGit>
