﻿<?xml version="1.0" encoding="utf-8"?>
<abapGit version="v1.0.0" serializer="LCL_OBJECT_DTEL" serializer_version="v1.0.0">
 <asx:abap xmlns:asx="http://www.sap.com/abapxml" version="1.0">
  <asx:values>
   <DD04V>
    <ROLLNAME>ZERPCX_ERTCODE</ROLLNAME>
    <DDLANGUAGE>3</DDLANGUAGE>
    <DOMNAME>TCODE</DOMNAME>
    <HEADLEN>55</HEADLEN>
    <SCRLEN1>10</SCRLEN1>
    <SCRLEN2>20</SCRLEN2>
    <SCRLEN3>40</SCRLEN3>
    <DDTEXT>생성 트랜잭션 코드</DDTEXT>
    <REPTEXT>생성 T-Code</REPTEXT>
    <SCRTEXT_S>생성 T-Code</SCRTEXT_S>
    <SCRTEXT_M>생성 T-Code</SCRTEXT_M>
    <SCRTEXT_L>생성 T-Code</SCRTEXT_L>
    <DTELMASTER>3</DTELMASTER>
    <REFKIND>D</REFKIND>
   </DD04V>
   <I18N_LANGS>
    <LANGU>E</LANGU>
   </I18N_LANGS>
   <DD04_TEXTS>
    <item>
     <DDLANGUAGE>E</DDLANGUAGE>
     <DDTEXT>Created T-Code</DDTEXT>
     <REPTEXT>Created T-Code</REPTEXT>
     <SCRTEXT_S>Crt T-Code</SCRTEXT_S>
     <SCRTEXT_M>Created T-Code</SCRTEXT_M>
     <SCRTEXT_L>Created T-Code</SCRTEXT_L>
    </item>
   </DD04_TEXTS>
  </asx:values>
 </asx:abap>
</abapGit>
