﻿<?xml version="1.0" encoding="utf-8"?>
<abapGit version="v1.0.0" serializer="LCL_OBJECT_CLAS" serializer_version="v1.0.0">
 <asx:abap xmlns:asx="http://www.sap.com/abapxml" version="1.0">
  <asx:values>
   <VSEOCLASS>
    <CLSNAME>ZRPCL_CCM02</CLSNAME>
    <LANGU>3</LANGU>
    <DESCRIPT>CO common</DESCRIPT>
    <STATE>1</STATE>
    <CLSCCINCL>X</CLSCCINCL>
    <FIXPT>X</FIXPT>
    <UNICODE>X</UNICODE>
   </VSEOCLASS>
   <DESCRIPTIONS>
    <SEOCOMPOTX>
     <CMPNAME>CALL_MAINTENANCE_VIEW</CMPNAME>
     <LANGU>3</LANGU>
     <DESCRIPT>Maintenace View 호출</DESCRIPT>
    </SEOCOMPOTX>
    <SEOCOMPOTX>
     <CMPNAME>CHECK_CURTP</CMPNAME>
     <LANGU>3</LANGU>
     <DESCRIPT>통화 및 평가유형 체크</DESCRIPT>
    </SEOCOMPOTX>
    <SEOCOMPOTX>
     <CMPNAME>CHECK_GJAHR</CMPNAME>
     <LANGU>3</LANGU>
     <DESCRIPT>회계연도 체크</DESCRIPT>
    </SEOCOMPOTX>
    <SEOCOMPOTX>
     <CMPNAME>CHECK_KOKRS</CMPNAME>
     <LANGU>3</LANGU>
     <DESCRIPT>관리회게영역 체크</DESCRIPT>
    </SEOCOMPOTX>
    <SEOCOMPOTX>
     <CMPNAME>CHECK_VERSI</CMPNAME>
     <LANGU>3</LANGU>
     <DESCRIPT>버전 체크</DESCRIPT>
    </SEOCOMPOTX>
    <SEOCOMPOTX>
     <CMPNAME>CHECK_VRGAR</CMPNAME>
     <LANGU>3</LANGU>
     <DESCRIPT>레코드 유형 체크</DESCRIPT>
    </SEOCOMPOTX>
    <SEOCOMPOTX>
     <CMPNAME>CONVERSION_PERIO_TABLE</CMPNAME>
     <LANGU>3</LANGU>
     <DESCRIPT>Rnage -&gt; Table 형식으로 변경</DESCRIPT>
    </SEOCOMPOTX>
    <SEOCOMPOTX>
     <CMPNAME>DATE_CHECK_PLAUSIBILITY</CMPNAME>
     <LANGU>3</LANGU>
     <DESCRIPT>날짜 체크</DESCRIPT>
    </SEOCOMPOTX>
    <SEOCOMPOTX>
     <CMPNAME>DOWNLOAD_WEB_OBJECT</CMPNAME>
     <LANGU>3</LANGU>
     <DESCRIPT>업로드 양식 템플릿</DESCRIPT>
    </SEOCOMPOTX>
    <SEOCOMPOTX>
     <CMPNAME>EXCEL_UPLOAD</CMPNAME>
     <LANGU>3</LANGU>
     <DESCRIPT>엑셀 업로드</DESCRIPT>
    </SEOCOMPOTX>
    <SEOCOMPOTX>
     <CMPNAME>GC_E</CMPNAME>
     <LANGU>3</LANGU>
     <DESCRIPT>길이 1의 문자 필드</DESCRIPT>
    </SEOCOMPOTX>
    <SEOCOMPOTX>
     <CMPNAME>GC_X</CMPNAME>
     <LANGU>3</LANGU>
     <DESCRIPT>길이 1의 문자 필드</DESCRIPT>
    </SEOCOMPOTX>
    <SEOCOMPOTX>
     <CMPNAME>GET_DOMAIN_VALUE</CMPNAME>
     <LANGU>3</LANGU>
     <DESCRIPT>도메인 Value 가져오기</DESCRIPT>
    </SEOCOMPOTX>
    <SEOCOMPOTX>
     <CMPNAME>GET_ERKRS_TEXT</CMPNAME>
     <LANGU>3</LANGU>
     <DESCRIPT>경영단위 이름 가져오기</DESCRIPT>
    </SEOCOMPOTX>
    <SEOCOMPOTX>
     <CMPNAME>GET_KOKRS_BUKRS</CMPNAME>
     <LANGU>3</LANGU>
     <DESCRIPT>관리회계영역/회사코드 가져오기</DESCRIPT>
    </SEOCOMPOTX>
    <SEOCOMPOTX>
     <CMPNAME>GET_KOKRS_TEXT</CMPNAME>
     <LANGU>3</LANGU>
     <DESCRIPT>관리회계영역 이름 가져오기</DESCRIPT>
    </SEOCOMPOTX>
    <SEOCOMPOTX>
     <CMPNAME>GET_KUNNR</CMPNAME>
     <LANGU>3</LANGU>
     <DESCRIPT>고객 정보 가져오기</DESCRIPT>
    </SEOCOMPOTX>
    <SEOCOMPOTX>
     <CMPNAME>GET_KUNNR_TEXT</CMPNAME>
     <LANGU>3</LANGU>
     <DESCRIPT>고객 이름 가져오기</DESCRIPT>
    </SEOCOMPOTX>
    <SEOCOMPOTX>
     <CMPNAME>GET_LAST_DATE</CMPNAME>
     <LANGU>3</LANGU>
     <DESCRIPT>월의 말일</DESCRIPT>
    </SEOCOMPOTX>
    <SEOCOMPOTX>
     <CMPNAME>GET_PRCTR</CMPNAME>
     <LANGU>3</LANGU>
     <DESCRIPT>손익센터 가져오기</DESCRIPT>
    </SEOCOMPOTX>
    <SEOCOMPOTX>
     <CMPNAME>MT_KNA1</CMPNAME>
     <LANGU>3</LANGU>
     <DESCRIPT>고객마스터의 일반데이타</DESCRIPT>
    </SEOCOMPOTX>
    <SEOCOMPOTX>
     <CMPNAME>MT_MATNR</CMPNAME>
     <LANGU>3</LANGU>
     <DESCRIPT>자재번호</DESCRIPT>
    </SEOCOMPOTX>
    <SEOCOMPOTX>
     <CMPNAME>MT_VRGAR</CMPNAME>
     <LANGU>3</LANGU>
     <DESCRIPT>레코드 유형</DESCRIPT>
    </SEOCOMPOTX>
    <SEOCOMPOTX>
     <CMPNAME>MT_WERKS</CMPNAME>
     <LANGU>3</LANGU>
     <DESCRIPT>플랜트</DESCRIPT>
    </SEOCOMPOTX>
    <SEOCOMPOTX>
     <CMPNAME>POPUP_TO_CONFIRM</CMPNAME>
     <LANGU>3</LANGU>
     <DESCRIPT>팝업</DESCRIPT>
    </SEOCOMPOTX>
   </DESCRIPTIONS>
  </asx:values>
 </asx:abap>
</abapGit>
