﻿<?xml version="1.0" encoding="utf-8"?>
<abapGit version="v1.0.0" serializer="LCL_OBJECT_FUGR" serializer_version="v1.0.0">
 <asx:abap xmlns:asx="http://www.sap.com/abapxml" version="1.0">
  <asx:values>
   <AREAT>CM 공통 클래스 연계</AREAT>
   <INCLUDES>
    <SOBJ_NAME>LZRPCCM01F01</SOBJ_NAME>
    <SOBJ_NAME>LZRPCCM01TOP</SOBJ_NAME>
    <SOBJ_NAME>SAPLZRPCCM01</SOBJ_NAME>
   </INCLUDES>
   <FUNCTIONS>
    <item>
     <FUNCNAME>ZRPCCM_EXCEL_UPLOAD</FUNCNAME>
     <SHORT_TEXT>엑셀 업로드</SHORT_TEXT>
     <IMPORT>
      <RSIMP>
       <PARAMETER>IV_FILENAME</PARAMETER>
       <REFERENCE>X</REFERENCE>
       <TYP>STRING</TYP>
      </RSIMP>
      <RSIMP>
       <PARAMETER>IV_BEGIN_COL</PARAMETER>
       <REFERENCE>X</REFERENCE>
       <TYP>INT4</TYP>
      </RSIMP>
      <RSIMP>
       <PARAMETER>IV_BEGIN_ROW</PARAMETER>
       <REFERENCE>X</REFERENCE>
       <TYP>INT4</TYP>
      </RSIMP>
      <RSIMP>
       <PARAMETER>IV_END_COL</PARAMETER>
       <DEFAULT>256</DEFAULT>
       <OPTIONAL>X</OPTIONAL>
       <REFERENCE>X</REFERENCE>
       <TYP>INT4</TYP>
      </RSIMP>
      <RSIMP>
       <PARAMETER>IV_END_ROW</PARAMETER>
       <DEFAULT>131072</DEFAULT>
       <OPTIONAL>X</OPTIONAL>
       <REFERENCE>X</REFERENCE>
       <TYP>INT4</TYP>
      </RSIMP>
      <RSIMP>
       <PARAMETER>IV_FIRST_SHEET</PARAMETER>
       <DEFAULT>&apos;X&apos;</DEFAULT>
       <OPTIONAL>X</OPTIONAL>
       <REFERENCE>X</REFERENCE>
       <TYP>CHAR1</TYP>
      </RSIMP>
      <RSIMP>
       <PARAMETER>IV_SHEET_NO</PARAMETER>
       <OPTIONAL>X</OPTIONAL>
       <REFERENCE>X</REFERENCE>
       <TYP>INT4</TYP>
      </RSIMP>
     </IMPORT>
     <EXPORT>
      <RSEXP>
       <PARAMETER>EV_SEPARATOR</PARAMETER>
       <REFERENCE>X</REFERENCE>
       <TYP>CHAR1</TYP>
      </RSEXP>
     </EXPORT>
     <TABLES>
      <RSTBL>
       <PARAMETER>ET_EXCEL_TAB</PARAMETER>
       <DBSTRUCT>BAPIXMSPOW</DBSTRUCT>
      </RSTBL>
     </TABLES>
     <EXCEPTION>
      <RSEXC>
       <EXCEPTION>INCONSISTENT_PARAMETERS</EXCEPTION>
      </RSEXC>
      <RSEXC>
       <EXCEPTION>UPLOAD_OLE</EXCEPTION>
      </RSEXC>
     </EXCEPTION>
     <DOCUMENTATION>
      <RSFDO>
       <PARAMETER>IV_FILENAME</PARAMETER>
       <KIND>P</KIND>
       <STEXT>로컬 파일명</STEXT>
      </RSFDO>
      <RSFDO>
       <PARAMETER>IV_BEGIN_COL</PARAMETER>
       <KIND>P</KIND>
       <STEXT>시작 열</STEXT>
      </RSFDO>
      <RSFDO>
       <PARAMETER>IV_BEGIN_ROW</PARAMETER>
       <KIND>P</KIND>
       <STEXT>시작 행</STEXT>
      </RSFDO>
      <RSFDO>
       <PARAMETER>IV_END_COL</PARAMETER>
       <KIND>P</KIND>
       <STEXT>종료 열</STEXT>
      </RSFDO>
      <RSFDO>
       <PARAMETER>IV_END_ROW</PARAMETER>
       <KIND>P</KIND>
       <STEXT>종료 행</STEXT>
      </RSFDO>
      <RSFDO>
       <PARAMETER>IV_FIRST_SHEET</PARAMETER>
       <KIND>P</KIND>
       <STEXT>단일 문자 플래그</STEXT>
      </RSFDO>
      <RSFDO>
       <PARAMETER>IV_SHEET_NO</PARAMETER>
       <KIND>P</KIND>
       <STEXT>쉬트 번호</STEXT>
      </RSFDO>
      <RSFDO>
       <PARAMETER>EV_SEPARATOR</PARAMETER>
       <KIND>P</KIND>
       <STEXT>분리 구분자</STEXT>
      </RSFDO>
      <RSFDO>
       <PARAMETER>ET_EXCEL_TAB</PARAMETER>
       <KIND>P</KIND>
       <STEXT>Data Table</STEXT>
      </RSFDO>
      <RSFDO>
       <PARAMETER>INCONSISTENT_PARAMETERS</PARAMETER>
       <KIND>X</KIND>
      </RSFDO>
      <RSFDO>
       <PARAMETER>UPLOAD_OLE</PARAMETER>
       <KIND>X</KIND>
      </RSFDO>
     </DOCUMENTATION>
    </item>
    <item>
     <FUNCNAME>ZRPCCM_F4_CDMAST</FUNCNAME>
     <SHORT_TEXT>코드마스터 F4</SHORT_TEXT>
     <IMPORT>
      <RSIMP>
       <PARAMETER>IV_CODE</PARAMETER>
       <REFERENCE>X</REFERENCE>
       <TYP>ZERPCX_GCODE</TYP>
      </RSIMP>
      <RSIMP>
       <PARAMETER>IV_CODE1</PARAMETER>
       <OPTIONAL>X</OPTIONAL>
       <REFERENCE>X</REFERENCE>
       <TYP>ZERPCX_SCODE1</TYP>
      </RSIMP>
      <RSIMP>
       <PARAMETER>IV_CODE2</PARAMETER>
       <OPTIONAL>X</OPTIONAL>
       <REFERENCE>X</REFERENCE>
       <TYP>ZERPCX_SCODE2</TYP>
      </RSIMP>
      <RSIMP>
       <PARAMETER>IV_CODE3</PARAMETER>
       <OPTIONAL>X</OPTIONAL>
       <REFERENCE>X</REFERENCE>
       <TYP>ZERPCX_SCODE3</TYP>
      </RSIMP>
      <RSIMP>
       <PARAMETER>IV_SPRAS</PARAMETER>
       <DEFAULT>SY-LANGU</DEFAULT>
       <OPTIONAL>X</OPTIONAL>
       <REFERENCE>X</REFERENCE>
       <TYP>SPRAS</TYP>
      </RSIMP>
      <RSIMP>
       <PARAMETER>IV_DEFAULT</PARAMETER>
       <DEFAULT>&apos;X&apos;</DEFAULT>
       <OPTIONAL>X</OPTIONAL>
       <REFERENCE>X</REFERENCE>
       <TYP>CHAR1</TYP>
      </RSIMP>
      <RSIMP>
       <PARAMETER>IV_KEYFIELD</PARAMETER>
       <DEFAULT>&apos;CODE1&apos;</DEFAULT>
       <OPTIONAL>X</OPTIONAL>
       <REFERENCE>X</REFERENCE>
       <TYP>LVC_FNAME</TYP>
      </RSIMP>
      <RSIMP>
       <PARAMETER>IV_FS</PARAMETER>
       <OPTIONAL>X</OPTIONAL>
       <REFERENCE>X</REFERENCE>
       <TYP>CHAR1</TYP>
      </RSIMP>
      <RSIMP>
       <PARAMETER>IV_FIELDNAME</PARAMETER>
       <OPTIONAL>X</OPTIONAL>
       <REFERENCE>X</REFERENCE>
       <TYP>LVC_FNAME</TYP>
      </RSIMP>
      <RSIMP>
       <PARAMETER>IV_VALUE</PARAMETER>
       <OPTIONAL>X</OPTIONAL>
       <REFERENCE>X</REFERENCE>
      </RSIMP>
      <RSIMP>
       <PARAMETER>IV_EXCLVAL</PARAMETER>
       <OPTIONAL>X</OPTIONAL>
       <REFERENCE>X</REFERENCE>
      </RSIMP>
      <RSIMP>
       <PARAMETER>IV_SCRFIELD</PARAMETER>
       <OPTIONAL>X</OPTIONAL>
       <REFERENCE>X</REFERENCE>
       <TYP>STRING</TYP>
      </RSIMP>
      <RSIMP>
       <PARAMETER>IV_STD_F4</PARAMETER>
       <OPTIONAL>X</OPTIONAL>
       <REFERENCE>X</REFERENCE>
       <TYP>CHAR1</TYP>
      </RSIMP>
      <RSIMP>
       <PARAMETER>IV_ROLLNAME</PARAMETER>
       <OPTIONAL>X</OPTIONAL>
       <REFERENCE>X</REFERENCE>
       <TYP>ROLLNAME</TYP>
      </RSIMP>
      <RSIMP>
       <PARAMETER>IV_DISPLAY</PARAMETER>
       <OPTIONAL>X</OPTIONAL>
       <REFERENCE>X</REFERENCE>
       <TYP>DDBOOL_D</TYP>
      </RSIMP>
     </IMPORT>
     <EXPORT>
      <RSEXP>
       <PARAMETER>EV_CODE1</PARAMETER>
       <REFERENCE>X</REFERENCE>
       <TYP>ZERPCX_SCODE1</TYP>
      </RSEXP>
      <RSEXP>
       <PARAMETER>EV_CODE2</PARAMETER>
       <REFERENCE>X</REFERENCE>
       <TYP>ZERPCX_SCODE2</TYP>
      </RSEXP>
      <RSEXP>
       <PARAMETER>EV_CODE3</PARAMETER>
       <REFERENCE>X</REFERENCE>
       <TYP>ZERPCX_SCODE3</TYP>
      </RSEXP>
      <RSEXP>
       <PARAMETER>EV_SNAME</PARAMETER>
       <REFERENCE>X</REFERENCE>
       <TYP>ZERPCX_SCDNM</TYP>
      </RSEXP>
      <RSEXP>
       <PARAMETER>EV_OK</PARAMETER>
       <REFERENCE>X</REFERENCE>
       <TYP>BAPI_MTYPE</TYP>
      </RSEXP>
      <RSEXP>
       <PARAMETER>EV_MSG</PARAMETER>
       <REFERENCE>X</REFERENCE>
       <TYP>BAPI_MSG</TYP>
      </RSEXP>
     </EXPORT>
     <TABLES>
      <RSTBL>
       <PARAMETER>ET_RESULT</PARAMETER>
       <DBSTRUCT>ZRPCXS0010</DBSTRUCT>
       <OPTIONAL>X</OPTIONAL>
      </RSTBL>
      <RSTBL>
       <PARAMETER>ET_RETURN</PARAMETER>
       <DBSTRUCT>DDSHRETVAL</DBSTRUCT>
       <OPTIONAL>X</OPTIONAL>
      </RSTBL>
     </TABLES>
     <DOCUMENTATION>
      <RSFDO>
       <PARAMETER>IV_CODE</PARAMETER>
       <KIND>P</KIND>
       <STEXT>그룹코드</STEXT>
      </RSFDO>
      <RSFDO>
       <PARAMETER>IV_CODE1</PARAMETER>
       <KIND>P</KIND>
       <STEXT>코드1 (코드마스터 코드)</STEXT>
      </RSFDO>
      <RSFDO>
       <PARAMETER>IV_CODE2</PARAMETER>
       <KIND>P</KIND>
       <STEXT>코드2 (코드마스터 코드)</STEXT>
      </RSFDO>
      <RSFDO>
       <PARAMETER>IV_CODE3</PARAMETER>
       <KIND>P</KIND>
       <STEXT>코드3 (코드마스터 코드)</STEXT>
      </RSFDO>
      <RSFDO>
       <PARAMETER>IV_SPRAS</PARAMETER>
       <KIND>P</KIND>
       <STEXT>언어 키</STEXT>
      </RSFDO>
      <RSFDO>
       <PARAMETER>IV_DEFAULT</PARAMETER>
       <KIND>P</KIND>
       <STEXT>&apos;X&apos; 키필드만 Display, &apos; &apos; 모든필드 Display</STEXT>
      </RSFDO>
      <RSFDO>
       <PARAMETER>IV_KEYFIELD</PARAMETER>
       <KIND>P</KIND>
       <STEXT>Key Field</STEXT>
      </RSFDO>
      <RSFDO>
       <PARAMETER>IV_FS</PARAMETER>
       <KIND>P</KIND>
       <STEXT>하위 조건 Indicator</STEXT>
      </RSFDO>
      <RSFDO>
       <PARAMETER>IV_FIELDNAME</PARAMETER>
       <KIND>P</KIND>
       <STEXT>하위 조건필드</STEXT>
      </RSFDO>
      <RSFDO>
       <PARAMETER>IV_VALUE</PARAMETER>
       <KIND>P</KIND>
       <STEXT>하위 조건필드의 조건값</STEXT>
      </RSFDO>
      <RSFDO>
       <PARAMETER>IV_EXCLVAL</PARAMETER>
       <KIND>P</KIND>
       <STEXT>하위 조건필드의 제외조건값</STEXT>
      </RSFDO>
      <RSFDO>
       <PARAMETER>IV_SCRFIELD</PARAMETER>
       <KIND>P</KIND>
       <STEXT>Screen Field Name</STEXT>
      </RSFDO>
      <RSFDO>
       <PARAMETER>IV_STD_F4</PARAMETER>
       <KIND>P</KIND>
       <STEXT>STD F4 Help Indicator</STEXT>
      </RSFDO>
      <RSFDO>
       <PARAMETER>IV_ROLLNAME</PARAMETER>
       <KIND>P</KIND>
       <STEXT>Data element (의미도메인)</STEXT>
      </RSFDO>
      <RSFDO>
       <PARAMETER>IV_DISPLAY</PARAMETER>
       <KIND>P</KIND>
       <STEXT>F4 Help Only Display Indicator</STEXT>
      </RSFDO>
      <RSFDO>
       <PARAMETER>EV_CODE1</PARAMETER>
       <KIND>P</KIND>
       <STEXT>코드1 (코드마스터)</STEXT>
      </RSFDO>
      <RSFDO>
       <PARAMETER>EV_CODE2</PARAMETER>
       <KIND>P</KIND>
       <STEXT>코드2 (코드마스터)</STEXT>
      </RSFDO>
      <RSFDO>
       <PARAMETER>EV_CODE3</PARAMETER>
       <KIND>P</KIND>
       <STEXT>코드3 (코드마스터)</STEXT>
      </RSFDO>
      <RSFDO>
       <PARAMETER>EV_SNAME</PARAMETER>
       <KIND>P</KIND>
       <STEXT>코드명</STEXT>
      </RSFDO>
      <RSFDO>
       <PARAMETER>EV_OK</PARAMETER>
       <KIND>P</KIND>
       <STEXT>메시지 유형: S 성공, E 오류, W 경고, I 정보, A 중단</STEXT>
      </RSFDO>
      <RSFDO>
       <PARAMETER>EV_MSG</PARAMETER>
       <KIND>P</KIND>
       <STEXT>메시지 텍스트</STEXT>
      </RSFDO>
      <RSFDO>
       <PARAMETER>ET_RESULT</PARAMETER>
       <KIND>P</KIND>
       <STEXT>코드마스터 아이템</STEXT>
      </RSFDO>
      <RSFDO>
       <PARAMETER>ET_RETURN</PARAMETER>
       <KIND>P</KIND>
       <STEXT>탐색도움말 &lt;-&gt; 도움말시스템 인터페이스구조</STEXT>
      </RSFDO>
     </DOCUMENTATION>
    </item>
   </FUNCTIONS>
  </asx:values>
 </asx:abap>
</abapGit>
