﻿<?xml version="1.0" encoding="utf-8"?>
<abapGit version="v1.0.0" serializer="LCL_OBJECT_TABL" serializer_version="v1.0.0">
 <asx:abap xmlns:asx="http://www.sap.com/abapxml" version="1.0">
  <asx:values>
   <DD02V>
    <TABNAME>ZRPCXT0001T</TABNAME>
    <DDLANGUAGE>3</DDLANGUAGE>
    <TABCLASS>TRANSP</TABCLASS>
    <CLIDEP>X</CLIDEP>
    <LANGDEP>X</LANGDEP>
    <DDTEXT>코드마스터 - 헤더 텍스트</DDTEXT>
    <CONTFLAG>A</CONTFLAG>
   </DD02V>
   <DD09L>
    <TABNAME>ZRPCXT0001T</TABNAME>
    <AS4LOCAL>A</AS4LOCAL>
    <TABKAT>0</TABKAT>
    <TABART>APPL1</TABART>
    <UEBERSETZ>X</UEBERSETZ>
    <BUFALLOW>N</BUFALLOW>
   </DD09L>
   <DD03P_TABLE>
    <DD03P>
     <FIELDNAME>MANDT</FIELDNAME>
     <KEYFLAG>X</KEYFLAG>
     <ROLLNAME>MANDT</ROLLNAME>
     <ADMINFIELD>0</ADMINFIELD>
     <NOTNULL>X</NOTNULL>
     <COMPTYPE>E</COMPTYPE>
    </DD03P>
    <DD03P>
     <FIELDNAME>CODE</FIELDNAME>
     <KEYFLAG>X</KEYFLAG>
     <ROLLNAME>ZERPCX_GCODE</ROLLNAME>
     <CHECKTABLE>ZRPCXT0001</CHECKTABLE>
     <ADMINFIELD>0</ADMINFIELD>
     <NOTNULL>X</NOTNULL>
     <SHLPORIGIN>P</SHLPORIGIN>
     <COMPTYPE>E</COMPTYPE>
    </DD03P>
    <DD03P>
     <FIELDNAME>SPRAS</FIELDNAME>
     <KEYFLAG>X</KEYFLAG>
     <ROLLNAME>SPRAS</ROLLNAME>
     <ADMINFIELD>0</ADMINFIELD>
     <NOTNULL>X</NOTNULL>
     <SHLPORIGIN>D</SHLPORIGIN>
     <COMPTYPE>E</COMPTYPE>
     <LANGUFLAG>X</LANGUFLAG>
    </DD03P>
    <DD03P>
     <FIELDNAME>CNAME</FIELDNAME>
     <ROLLNAME>ZERPCX_GCDNM</ROLLNAME>
     <ADMINFIELD>0</ADMINFIELD>
     <COMPTYPE>E</COMPTYPE>
    </DD03P>
    <DD03P>
     <FIELDNAME>CTEXT</FIELDNAME>
     <ROLLNAME>ZERPCX_GCDNM</ROLLNAME>
     <ADMINFIELD>0</ADMINFIELD>
     <COMPTYPE>E</COMPTYPE>
    </DD03P>
    <DD03P>
     <FIELDNAME>.INCLUDE</FIELDNAME>
     <ADMINFIELD>0</ADMINFIELD>
     <PRECFIELD>ZRPCXS0000</PRECFIELD>
     <MASK>      S</MASK>
     <DDTEXT>변경이력</DDTEXT>
     <COMPTYPE>S</COMPTYPE>
     <GROUPNAME>TIMESTAMP</GROUPNAME>
    </DD03P>
   </DD03P_TABLE>
   <DD05M_TABLE>
    <DD05M>
     <FIELDNAME>CODE</FIELDNAME>
     <FORTABLE>ZRPCXT0001T</FORTABLE>
     <FORKEY>MANDT</FORKEY>
     <CHECKTABLE>ZRPCXT0001</CHECKTABLE>
     <CHECKFIELD>MANDT</CHECKFIELD>
     <PRIMPOS>0001</PRIMPOS>
     <DOMNAME>MANDT</DOMNAME>
     <DATATYPE>CLNT</DATATYPE>
    </DD05M>
    <DD05M>
     <FIELDNAME>CODE</FIELDNAME>
     <FORTABLE>ZRPCXT0001T</FORTABLE>
     <FORKEY>CODE</FORKEY>
     <CHECKTABLE>ZRPCXT0001</CHECKTABLE>
     <CHECKFIELD>CODE</CHECKFIELD>
     <PRIMPOS>0002</PRIMPOS>
     <DOMNAME>CHAR30</DOMNAME>
     <DATATYPE>CHAR</DATATYPE>
    </DD05M>
   </DD05M_TABLE>
   <DD08V_TABLE>
    <DD08V>
     <FIELDNAME>CODE</FIELDNAME>
     <CHECKTABLE>ZRPCXT0001</CHECKTABLE>
     <FRKART>TEXT</FRKART>
     <CARD>CN</CARD>
     <DDTEXT>Link Text Table</DDTEXT>
     <CARDLEFT>1</CARDLEFT>
    </DD08V>
   </DD08V_TABLE>
   <I18N_LANGS>
    <LANGU>E</LANGU>
   </I18N_LANGS>
   <DD02_TEXTS>
    <item>
     <DDLANGUAGE>E</DDLANGUAGE>
     <DDTEXT>Code Master - Header Text</DDTEXT>
    </item>
   </DD02_TEXTS>
  </asx:values>
 </asx:abap>
</abapGit>
