﻿<?xml version="1.0" encoding="utf-8"?>
<abapGit version="v1.0.0" serializer="LCL_OBJECT_CLAS" serializer_version="v1.0.0">
 <asx:abap xmlns:asx="http://www.sap.com/abapxml" version="1.0">
  <asx:values>
   <VSEOCLASS>
    <CLSNAME>ZRPCL_CCM01</CLSNAME>
    <LANGU>3</LANGU>
    <DESCRIPT>CM 공통 Class</DESCRIPT>
    <STATE>1</STATE>
    <CLSCCINCL>X</CLSCCINCL>
    <FIXPT>X</FIXPT>
    <UNICODE>X</UNICODE>
    <MSG_ID>ZRPDCOCM01</MSG_ID>
   </VSEOCLASS>
   <TPOOL>
    <item>
     <ID>I</ID>
     <KEY>F01</KEY>
     <ENTRY>예</ENTRY>
     <LENGTH>11</LENGTH>
    </item>
    <item>
     <ID>I</ID>
     <KEY>F02</KEY>
     <ENTRY>아니요</ENTRY>
     <LENGTH>13</LENGTH>
    </item>
    <item>
     <ID>I</ID>
     <KEY>F03</KEY>
     <ENTRY>파라미터</ENTRY>
     <LENGTH>14</LENGTH>
    </item>
    <item>
     <ID>I</ID>
     <KEY>F11</KEY>
     <ENTRY>권한 오브젝트</ENTRY>
     <LENGTH>17</LENGTH>
    </item>
    <item>
     <ID>I</ID>
     <KEY>F12</KEY>
     <ENTRY>권한 필드</ENTRY>
     <LENGTH>15</LENGTH>
    </item>
    <item>
     <ID>I</ID>
     <KEY>F13</KEY>
     <ENTRY>권한 값</ENTRY>
     <LENGTH>14</LENGTH>
    </item>
    <item>
     <ID>I</ID>
     <KEY>M01</KEY>
     <ENTRY>파일열기</ENTRY>
     <LENGTH>14</LENGTH>
    </item>
    <item>
     <ID>I</ID>
     <KEY>M02</KEY>
     <ENTRY>오류 메시지</ENTRY>
     <LENGTH>16</LENGTH>
    </item>
   </TPOOL>
   <I18N_TPOOL>
    <item>
     <LANGUAGE>E</LANGUAGE>
     <TEXTPOOL>
      <item>
       <ID>I</ID>
       <KEY>F01</KEY>
       <ENTRY>Yes</ENTRY>
       <LENGTH>11</LENGTH>
      </item>
      <item>
       <ID>I</ID>
       <KEY>F02</KEY>
       <ENTRY>No</ENTRY>
       <LENGTH>13</LENGTH>
      </item>
      <item>
       <ID>I</ID>
       <KEY>F11</KEY>
       <ENTRY>Authorization object</ENTRY>
       <LENGTH>20</LENGTH>
      </item>
      <item>
       <ID>I</ID>
       <KEY>F12</KEY>
       <ENTRY>Authorization field</ENTRY>
       <LENGTH>19</LENGTH>
      </item>
      <item>
       <ID>I</ID>
       <KEY>F13</KEY>
       <ENTRY>Authorization values</ENTRY>
       <LENGTH>20</LENGTH>
      </item>
      <item>
       <ID>I</ID>
       <KEY>M01</KEY>
       <ENTRY>Select Open file</ENTRY>
       <LENGTH>16</LENGTH>
      </item>
      <item>
       <ID>I</ID>
       <KEY>M02</KEY>
       <ENTRY>Error Message</ENTRY>
       <LENGTH>16</LENGTH>
      </item>
     </TEXTPOOL>
    </item>
   </I18N_TPOOL>
   <DESCRIPTIONS>
    <SEOCOMPOTX>
     <CMPNAME>ALV_DISPLAY</CMPNAME>
     <LANGU>3</LANGU>
     <DESCRIPT>ALV popup Display</DESCRIPT>
    </SEOCOMPOTX>
    <SEOCOMPOTX>
     <CMPNAME>ALV_REFRESH</CMPNAME>
     <LANGU>3</LANGU>
     <DESCRIPT>ALV Refresh</DESCRIPT>
    </SEOCOMPOTX>
    <SEOCOMPOTX>
     <CMPNAME>AUTHORITY_CHECK</CMPNAME>
     <LANGU>3</LANGU>
     <DESCRIPT>권한점검</DESCRIPT>
    </SEOCOMPOTX>
    <SEOCOMPOTX>
     <CMPNAME>GC_FN_LINECOL</CMPNAME>
     <LANGU>3</LANGU>
     <DESCRIPT>필드명( ALV Line Color )</DESCRIPT>
    </SEOCOMPOTX>
    <SEOCOMPOTX>
     <CMPNAME>GC_H_LOWER</CMPNAME>
     <LANGU>3</LANGU>
     <DESCRIPT>소문자(h)</DESCRIPT>
    </SEOCOMPOTX>
    <SEOCOMPOTX>
     <CMPNAME>GET_ALV_EXCL_TOOLBAR</CMPNAME>
     <LANGU>3</LANGU>
     <DESCRIPT>Get Default exclude toolbar ( ALV )</DESCRIPT>
    </SEOCOMPOTX>
    <SEOCOMPOTX>
     <CMPNAME>GET_ALV_LAYOUT</CMPNAME>
     <LANGU>3</LANGU>
     <DESCRIPT>Get Default Layout ( ALV )</DESCRIPT>
    </SEOCOMPOTX>
    <SEOCOMPOTX>
     <CMPNAME>GET_CODE_MASTER</CMPNAME>
     <LANGU>3</LANGU>
     <DESCRIPT>코드마스터 조회</DESCRIPT>
    </SEOCOMPOTX>
    <SEOCOMPOTX>
     <CMPNAME>GET_FCAT</CMPNAME>
     <LANGU>3</LANGU>
     <DESCRIPT>Get FieldCatalog from any.</DESCRIPT>
    </SEOCOMPOTX>
    <SEOCOMPOTX>
     <CMPNAME>SET_ALV_F4</CMPNAME>
     <LANGU>3</LANGU>
     <DESCRIPT>Set alv f4 ( ALV )</DESCRIPT>
    </SEOCOMPOTX>
   </DESCRIPTIONS>
  </asx:values>
 </asx:abap>
</abapGit>
