﻿<?xml version="1.0" encoding="utf-8"?>
<abapGit version="v1.0.0" serializer="LCL_OBJECT_MSAG" serializer_version="v1.0.0">
 <asx:abap xmlns:asx="http://www.sap.com/abapxml" version="1.0">
  <asx:values>
   <T100A>
    <ARBGB>ZRPDCOCM01</ARBGB>
    <MASTERLANG>3</MASTERLANG>
    <STEXT>공통 모듈 Message Class</STEXT>
   </T100A>
   <T100>
    <T100>
     <SPRSL>3</SPRSL>
     <ARBGB>ZRPDCOCM01</ARBGB>
     <MSGNR>000</MSGNR>
     <TEXT>&amp;1 &amp;2 &amp;3 &amp;4 &amp;5</TEXT>
    </T100>
    <T100>
     <SPRSL>3</SPRSL>
     <ARBGB>ZRPDCOCM01</ARBGB>
     <MSGNR>001</MSGNR>
     <TEXT>&amp;1&amp;2&amp;3&amp;4&amp;5&amp;6&amp;7</TEXT>
    </T100>
    <T100>
     <SPRSL>3</SPRSL>
     <ARBGB>ZRPDCOCM01</ARBGB>
     <MSGNR>002</MSGNR>
     <TEXT>유효한 라인을 하나만 선택하십시오.</TEXT>
    </T100>
    <T100>
     <SPRSL>3</SPRSL>
     <ARBGB>ZRPDCOCM01</ARBGB>
     <MSGNR>003</MSGNR>
     <TEXT>처리가능한 라인을 선택 하세요.</TEXT>
    </T100>
    <T100>
     <SPRSL>3</SPRSL>
     <ARBGB>ZRPDCOCM01</ARBGB>
     <MSGNR>004</MSGNR>
     <TEXT>처리할 데이타를 선택 하세요.</TEXT>
    </T100>
    <T100>
     <SPRSL>3</SPRSL>
     <ARBGB>ZRPDCOCM01</ARBGB>
     <MSGNR>005</MSGNR>
     <TEXT>&amp;1 &amp;2이(가) 존재하지 않습니다. 값을 확인하십시오.</TEXT>
    </T100>
    <T100>
     <SPRSL>3</SPRSL>
     <ARBGB>ZRPDCOCM01</ARBGB>
     <MSGNR>006</MSGNR>
     <TEXT>&amp;1 &amp;2이(가) 유효하지 않습니다.</TEXT>
    </T100>
    <T100>
     <SPRSL>3</SPRSL>
     <ARBGB>ZRPDCOCM01</ARBGB>
     <MSGNR>007</MSGNR>
     <TEXT>&amp;1 &amp;2을(를) 확인하세요.</TEXT>
    </T100>
    <T100>
     <SPRSL>3</SPRSL>
     <ARBGB>ZRPDCOCM01</ARBGB>
     <MSGNR>008</MSGNR>
     <TEXT>&amp;1 &amp;2을(를) 입력하세요.</TEXT>
    </T100>
    <T100>
     <SPRSL>3</SPRSL>
     <ARBGB>ZRPDCOCM01</ARBGB>
     <MSGNR>009</MSGNR>
     <TEXT>&amp; 건 검색되었습니다.</TEXT>
    </T100>
    <T100>
     <SPRSL>3</SPRSL>
     <ARBGB>ZRPDCOCM01</ARBGB>
     <MSGNR>010</MSGNR>
     <TEXT>조회할 데이터가 없습니다.</TEXT>
    </T100>
    <T100>
     <SPRSL>3</SPRSL>
     <ARBGB>ZRPDCOCM01</ARBGB>
     <MSGNR>011</MSGNR>
     <TEXT>저장 되었습니다.</TEXT>
    </T100>
    <T100>
     <SPRSL>3</SPRSL>
     <ARBGB>ZRPDCOCM01</ARBGB>
     <MSGNR>012</MSGNR>
     <TEXT>저장을 실패하였습니다.</TEXT>
    </T100>
    <T100>
     <SPRSL>3</SPRSL>
     <ARBGB>ZRPDCOCM01</ARBGB>
     <MSGNR>013</MSGNR>
     <TEXT>삭제 되었습니다.</TEXT>
    </T100>
    <T100>
     <SPRSL>3</SPRSL>
     <ARBGB>ZRPDCOCM01</ARBGB>
     <MSGNR>014</MSGNR>
     <TEXT>삭제를 실패하였습니다.</TEXT>
    </T100>
    <T100>
     <SPRSL>3</SPRSL>
     <ARBGB>ZRPDCOCM01</ARBGB>
     <MSGNR>015</MSGNR>
     <TEXT>수정 되었습니다.</TEXT>
    </T100>
    <T100>
     <SPRSL>3</SPRSL>
     <ARBGB>ZRPDCOCM01</ARBGB>
     <MSGNR>016</MSGNR>
     <TEXT>수정을 실패하였습니다.</TEXT>
    </T100>
    <T100>
     <SPRSL>3</SPRSL>
     <ARBGB>ZRPDCOCM01</ARBGB>
     <MSGNR>017</MSGNR>
     <TEXT>신규생성 되었습니다.</TEXT>
    </T100>
    <T100>
     <SPRSL>3</SPRSL>
     <ARBGB>ZRPDCOCM01</ARBGB>
     <MSGNR>018</MSGNR>
     <TEXT>신규생성을 실패하였습니다.</TEXT>
    </T100>
    <T100>
     <SPRSL>3</SPRSL>
     <ARBGB>ZRPDCOCM01</ARBGB>
     <MSGNR>019</MSGNR>
     <TEXT>백업이 완료되었습니다.</TEXT>
    </T100>
    <T100>
     <SPRSL>3</SPRSL>
     <ARBGB>ZRPDCOCM01</ARBGB>
     <MSGNR>020</MSGNR>
     <TEXT>유효한 데이터를 입력하세요</TEXT>
    </T100>
    <T100>
     <SPRSL>3</SPRSL>
     <ARBGB>ZRPDCOCM01</ARBGB>
     <MSGNR>021</MSGNR>
     <TEXT>&amp;1 &amp;2이(가) 존재하지 않습니다</TEXT>
    </T100>
    <T100>
     <SPRSL>3</SPRSL>
     <ARBGB>ZRPDCOCM01</ARBGB>
     <MSGNR>022</MSGNR>
     <TEXT>&amp;1 &amp;2이(가) 이미 존재 합니다</TEXT>
    </T100>
    <T100>
     <SPRSL>3</SPRSL>
     <ARBGB>ZRPDCOCM01</ARBGB>
     <MSGNR>023</MSGNR>
     <TEXT>변경된 &amp; 데이터가 없습니다.</TEXT>
    </T100>
    <T100>
     <SPRSL>3</SPRSL>
     <ARBGB>ZRPDCOCM01</ARBGB>
     <MSGNR>024</MSGNR>
     <TEXT>&amp;1 &amp;2이(가) 존재합니다.</TEXT>
    </T100>
    <T100>
     <SPRSL>3</SPRSL>
     <ARBGB>ZRPDCOCM01</ARBGB>
     <MSGNR>025</MSGNR>
     <TEXT>해당필드는 변경할 수 없습니다. 다른 필드를 선택하십시오.</TEXT>
    </T100>
    <T100>
     <SPRSL>3</SPRSL>
     <ARBGB>ZRPDCOCM01</ARBGB>
     <MSGNR>026</MSGNR>
     <TEXT>복원 되었습니다.</TEXT>
    </T100>
    <T100>
     <SPRSL>3</SPRSL>
     <ARBGB>ZRPDCOCM01</ARBGB>
     <MSGNR>027</MSGNR>
     <TEXT>복원을 실패하였습니다.</TEXT>
    </T100>
    <T100>
     <SPRSL>3</SPRSL>
     <ARBGB>ZRPDCOCM01</ARBGB>
     <MSGNR>028</MSGNR>
     <TEXT>&amp; 건 저장되었습니다.</TEXT>
    </T100>
    <T100>
     <SPRSL>3</SPRSL>
     <ARBGB>ZRPDCOCM01</ARBGB>
     <MSGNR>029</MSGNR>
     <TEXT>모든 필수 입력필드를 입력하십시오.</TEXT>
    </T100>
    <T100>
     <SPRSL>3</SPRSL>
     <ARBGB>ZRPDCOCM01</ARBGB>
     <MSGNR>030</MSGNR>
     <TEXT>데이타를 최신표시했습니다.</TEXT>
    </T100>
    <T100>
     <SPRSL>3</SPRSL>
     <ARBGB>ZRPDCOCM01</ARBGB>
     <MSGNR>031</MSGNR>
     <TEXT>저장 하시겠습니까?</TEXT>
    </T100>
    <T100>
     <SPRSL>3</SPRSL>
     <ARBGB>ZRPDCOCM01</ARBGB>
     <MSGNR>032</MSGNR>
     <TEXT>삭제 하시겠습니까?</TEXT>
    </T100>
    <T100>
     <SPRSL>3</SPRSL>
     <ARBGB>ZRPDCOCM01</ARBGB>
     <MSGNR>033</MSGNR>
     <TEXT>수정 하시겠습니까?</TEXT>
    </T100>
    <T100>
     <SPRSL>3</SPRSL>
     <ARBGB>ZRPDCOCM01</ARBGB>
     <MSGNR>034</MSGNR>
     <TEXT>신규생성 하시겠습니까?</TEXT>
    </T100>
    <T100>
     <SPRSL>3</SPRSL>
     <ARBGB>ZRPDCOCM01</ARBGB>
     <MSGNR>035</MSGNR>
     <TEXT>실행 하시겠습니까?</TEXT>
    </T100>
    <T100>
     <SPRSL>3</SPRSL>
     <ARBGB>ZRPDCOCM01</ARBGB>
     <MSGNR>036</MSGNR>
     <TEXT>종료 하시겠습니까?</TEXT>
    </T100>
    <T100>
     <SPRSL>3</SPRSL>
     <ARBGB>ZRPDCOCM01</ARBGB>
     <MSGNR>037</MSGNR>
     <TEXT>복사 하시겠습니까?</TEXT>
    </T100>
    <T100>
     <SPRSL>3</SPRSL>
     <ARBGB>ZRPDCOCM01</ARBGB>
     <MSGNR>038</MSGNR>
     <TEXT>복원 하시겠습니까?</TEXT>
    </T100>
    <T100>
     <SPRSL>3</SPRSL>
     <ARBGB>ZRPDCOCM01</ARBGB>
     <MSGNR>039</MSGNR>
     <TEXT>데이타가 존재합니다. 삭제후 생성 하시겠습니까?</TEXT>
    </T100>
    <T100>
     <SPRSL>3</SPRSL>
     <ARBGB>ZRPDCOCM01</ARBGB>
     <MSGNR>040</MSGNR>
     <TEXT>확인</TEXT>
    </T100>
    <T100>
     <SPRSL>3</SPRSL>
     <ARBGB>ZRPDCOCM01</ARBGB>
     <MSGNR>041</MSGNR>
     <TEXT>&amp;1 &amp;2이(가) 숫자가 아닙니다.</TEXT>
    </T100>
    <T100>
     <SPRSL>3</SPRSL>
     <ARBGB>ZRPDCOCM01</ARBGB>
     <MSGNR>042</MSGNR>
     <TEXT>처리할 데이터가 없습니다.</TEXT>
    </T100>
    <T100>
     <SPRSL>3</SPRSL>
     <ARBGB>ZRPDCOCM01</ARBGB>
     <MSGNR>043</MSGNR>
     <TEXT>정상 처리 되었습니다.</TEXT>
    </T100>
    <T100>
     <SPRSL>3</SPRSL>
     <ARBGB>ZRPDCOCM01</ARBGB>
     <MSGNR>044</MSGNR>
     <TEXT>하나 이상의 라인을 선택하세요</TEXT>
    </T100>
    <T100>
     <SPRSL>3</SPRSL>
     <ARBGB>ZRPDCOCM01</ARBGB>
     <MSGNR>045</MSGNR>
     <TEXT>라인을 선택하세요.</TEXT>
    </T100>
    <T100>
     <SPRSL>3</SPRSL>
     <ARBGB>ZRPDCOCM01</ARBGB>
     <MSGNR>050</MSGNR>
     <TEXT>작업이 취소되었습니다.</TEXT>
    </T100>
    <T100>
     <SPRSL>3</SPRSL>
     <ARBGB>ZRPDCOCM01</ARBGB>
     <MSGNR>051</MSGNR>
     <TEXT>데이이타 오류가 존재합니다. 처리결과를 확인하세요.</TEXT>
    </T100>
    <T100>
     <SPRSL>3</SPRSL>
     <ARBGB>ZRPDCOCM01</ARBGB>
     <MSGNR>052</MSGNR>
     <TEXT>데이터가 성공적으로 전송되었습니다.</TEXT>
    </T100>
    <T100>
     <SPRSL>3</SPRSL>
     <ARBGB>ZRPDCOCM01</ARBGB>
     <MSGNR>053</MSGNR>
     <TEXT>업로드할 데이터가 없습니다.</TEXT>
    </T100>
    <T100>
     <SPRSL>3</SPRSL>
     <ARBGB>ZRPDCOCM01</ARBGB>
     <MSGNR>054</MSGNR>
     <TEXT>&amp;1 건이 업로드 되었습니다.</TEXT>
    </T100>
    <T100>
     <SPRSL>3</SPRSL>
     <ARBGB>ZRPDCOCM01</ARBGB>
     <MSGNR>055</MSGNR>
     <TEXT>다운로드가 완료 되었습니다.</TEXT>
    </T100>
    <T100>
     <SPRSL>3</SPRSL>
     <ARBGB>ZRPDCOCM01</ARBGB>
     <MSGNR>056</MSGNR>
     <TEXT>라인을 추가하였습니다.</TEXT>
    </T100>
    <T100>
     <SPRSL>3</SPRSL>
     <ARBGB>ZRPDCOCM01</ARBGB>
     <MSGNR>057</MSGNR>
     <TEXT>라인을 삭제하였습니다.</TEXT>
    </T100>
    <T100>
     <SPRSL>3</SPRSL>
     <ARBGB>ZRPDCOCM01</ARBGB>
     <MSGNR>058</MSGNR>
     <TEXT>에러를 확인하십시요.</TEXT>
    </T100>
    <T100>
     <SPRSL>3</SPRSL>
     <ARBGB>ZRPDCOCM01</ARBGB>
     <MSGNR>059</MSGNR>
     <TEXT>&amp;1 건 이상 처리할수 없습니다.</TEXT>
    </T100>
    <T100>
     <SPRSL>3</SPRSL>
     <ARBGB>ZRPDCOCM01</ARBGB>
     <MSGNR>060</MSGNR>
     <TEXT>결과 메세지를 확인하십시요.</TEXT>
    </T100>
    <T100>
     <SPRSL>3</SPRSL>
     <ARBGB>ZRPDCOCM01</ARBGB>
     <MSGNR>061</MSGNR>
     <TEXT>저장할 데이터가 존재하지 않습니다.</TEXT>
    </T100>
    <T100>
     <SPRSL>3</SPRSL>
     <ARBGB>ZRPDCOCM01</ARBGB>
     <MSGNR>062</MSGNR>
     <TEXT>Uploading sheet #&amp;1</TEXT>
    </T100>
    <T100>
     <SPRSL>3</SPRSL>
     <ARBGB>ZRPDCOCM01</ARBGB>
     <MSGNR>090</MSGNR>
     <TEXT>전체: &amp;1, 점검완료: &amp;2, 오류: &amp;3</TEXT>
    </T100>
    <T100>
     <SPRSL>3</SPRSL>
     <ARBGB>ZRPDCOCM01</ARBGB>
     <MSGNR>091</MSGNR>
     <TEXT>데이타 요소 &amp;1과 유사합니다.</TEXT>
    </T100>
    <T100>
     <SPRSL>3</SPRSL>
     <ARBGB>ZRPDCOCM01</ARBGB>
     <MSGNR>097</MSGNR>
     <TEXT>코드마스터 &amp;1을 등록하세요.</TEXT>
    </T100>
    <T100>
     <SPRSL>3</SPRSL>
     <ARBGB>ZRPDCOCM01</ARBGB>
     <MSGNR>098</MSGNR>
     <TEXT>시스템 오류 입니다.</TEXT>
    </T100>
    <T100>
     <SPRSL>3</SPRSL>
     <ARBGB>ZRPDCOCM01</ARBGB>
     <MSGNR>099</MSGNR>
     <TEXT>프로그램 실행 권한이 없습니다.</TEXT>
    </T100>
    <T100>
     <SPRSL>3</SPRSL>
     <ARBGB>ZRPDCOCM01</ARBGB>
     <MSGNR>100</MSGNR>
     <TEXT>데이터가 갱신되었습니다.</TEXT>
    </T100>
    <T100>
     <SPRSL>3</SPRSL>
     <ARBGB>ZRPDCOCM01</ARBGB>
     <MSGNR>101</MSGNR>
     <TEXT>사용자 &amp;1가 처리중입니다</TEXT>
    </T100>
    <T100>
     <SPRSL>3</SPRSL>
     <ARBGB>ZRPDCOCM01</ARBGB>
     <MSGNR>102</MSGNR>
     <TEXT>사용자 &amp;1가 그룹코드 &amp;2를 수정중입니다</TEXT>
    </T100>
    <T100>
     <SPRSL>3</SPRSL>
     <ARBGB>ZRPDCOCM01</ARBGB>
     <MSGNR>110</MSGNR>
     <TEXT>점검 패턴은 3자이상 입력해야 합니다.</TEXT>
    </T100>
   </T100>
  </asx:values>
 </asx:abap>
</abapGit>
