﻿<?xml version="1.0" encoding="utf-8"?>
<abapGit version="v1.0.0" serializer="LCL_OBJECT_MSAG" serializer_version="v1.0.0">
 <asx:abap xmlns:asx="http://www.sap.com/abapxml" version="1.0">
  <asx:values>
   <T100A>
    <ARBGB>ZRPDCOCM02</ARBGB>
    <MASTERLANG>3</MASTERLANG>
    <STEXT>Message Group For CO Project</STEXT>
   </T100A>
   <T100>
    <T100>
     <SPRSL>3</SPRSL>
     <ARBGB>ZRPDCOCM02</ARBGB>
     <MSGNR>000</MSGNR>
     <TEXT>&amp;1 &amp;2 &amp;3 &amp;4 &amp;5</TEXT>
    </T100>
    <T100>
     <SPRSL>3</SPRSL>
     <ARBGB>ZRPDCOCM02</ARBGB>
     <MSGNR>001</MSGNR>
     <TEXT>&amp;1는(은) 필수 입력값입니다.</TEXT>
    </T100>
    <T100>
     <SPRSL>3</SPRSL>
     <ARBGB>ZRPDCOCM02</ARBGB>
     <MSGNR>002</MSGNR>
     <TEXT>기간/연도 범위는 동일 회계연도에서만 가능합니다.</TEXT>
    </T100>
    <T100>
     <SPRSL>3</SPRSL>
     <ARBGB>ZRPDCOCM02</ARBGB>
     <MSGNR>003</MSGNR>
     <TEXT>선택한 라인이 없습니다.</TEXT>
    </T100>
    <T100>
     <SPRSL>3</SPRSL>
     <ARBGB>ZRPDCOCM02</ARBGB>
     <MSGNR>004</MSGNR>
     <TEXT>회계연도/월 오류입니다.</TEXT>
    </T100>
    <T100>
     <SPRSL>3</SPRSL>
     <ARBGB>ZRPDCOCM02</ARBGB>
     <MSGNR>008</MSGNR>
     <TEXT>대상 데이터가 없습니다.</TEXT>
    </T100>
    <T100>
     <SPRSL>3</SPRSL>
     <ARBGB>ZRPDCOCM02</ARBGB>
     <MSGNR>009</MSGNR>
     <TEXT>&amp; 건 검색되었습니다.</TEXT>
    </T100>
    <T100>
     <SPRSL>3</SPRSL>
     <ARBGB>ZRPDCOCM02</ARBGB>
     <MSGNR>010</MSGNR>
     <TEXT>조회할 데이터가 없습니다.</TEXT>
    </T100>
    <T100>
     <SPRSL>3</SPRSL>
     <ARBGB>ZRPDCOCM02</ARBGB>
     <MSGNR>011</MSGNR>
     <TEXT>저장에 성공하였습니다.</TEXT>
    </T100>
    <T100>
     <SPRSL>3</SPRSL>
     <ARBGB>ZRPDCOCM02</ARBGB>
     <MSGNR>012</MSGNR>
     <TEXT>저장에 실패하였습니다.</TEXT>
    </T100>
    <T100>
     <SPRSL>3</SPRSL>
     <ARBGB>ZRPDCOCM02</ARBGB>
     <MSGNR>013</MSGNR>
     <TEXT>복사할 데이터가 없습니다.</TEXT>
    </T100>
    <T100>
     <SPRSL>3</SPRSL>
     <ARBGB>ZRPDCOCM02</ARBGB>
     <MSGNR>014</MSGNR>
     <TEXT>데이터 복사에 성공하였습니다.</TEXT>
    </T100>
    <T100>
     <SPRSL>3</SPRSL>
     <ARBGB>ZRPDCOCM02</ARBGB>
     <MSGNR>015</MSGNR>
     <TEXT>데이터 복사에 실패하였습니다.</TEXT>
    </T100>
    <T100>
     <SPRSL>3</SPRSL>
     <ARBGB>ZRPDCOCM02</ARBGB>
     <MSGNR>016</MSGNR>
     <TEXT>값필드가 존재하지 않습니다.</TEXT>
    </T100>
    <T100>
     <SPRSL>3</SPRSL>
     <ARBGB>ZRPDCOCM02</ARBGB>
     <MSGNR>017</MSGNR>
     <TEXT>코드마스터(&amp;)의 값필드가 유효하지 않습니다.</TEXT>
    </T100>
    <T100>
     <SPRSL>3</SPRSL>
     <ARBGB>ZRPDCOCM02</ARBGB>
     <MSGNR>019</MSGNR>
     <TEXT>&amp;1 을(를) 확인해주세요.</TEXT>
    </T100>
    <T100>
     <SPRSL>3</SPRSL>
     <ARBGB>ZRPDCOCM02</ARBGB>
     <MSGNR>020</MSGNR>
     <TEXT>&amp;1 가(이) 유효하지 않습니다.</TEXT>
    </T100>
    <T100>
     <SPRSL>3</SPRSL>
     <ARBGB>ZRPDCOCM02</ARBGB>
     <MSGNR>021</MSGNR>
     <TEXT>성공적으로 전기하였습니다.</TEXT>
    </T100>
    <T100>
     <SPRSL>3</SPRSL>
     <ARBGB>ZRPDCOCM02</ARBGB>
     <MSGNR>022</MSGNR>
     <TEXT>성공적으로 처리되었습니다.</TEXT>
    </T100>
    <T100>
     <SPRSL>3</SPRSL>
     <ARBGB>ZRPDCOCM02</ARBGB>
     <MSGNR>023</MSGNR>
     <TEXT>이미 전기 되었습니다.</TEXT>
    </T100>
    <T100>
     <SPRSL>3</SPRSL>
     <ARBGB>ZRPDCOCM02</ARBGB>
     <MSGNR>024</MSGNR>
     <TEXT>이미 역분개 되었습니다.</TEXT>
    </T100>
    <T100>
     <SPRSL>3</SPRSL>
     <ARBGB>ZRPDCOCM02</ARBGB>
     <MSGNR>025</MSGNR>
     <TEXT>성공적으로 역분개 하였습니다.</TEXT>
    </T100>
    <T100>
     <SPRSL>3</SPRSL>
     <ARBGB>ZRPDCOCM02</ARBGB>
     <MSGNR>026</MSGNR>
     <TEXT>역분개에 실패하였습니다.</TEXT>
    </T100>
    <T100>
     <SPRSL>3</SPRSL>
     <ARBGB>ZRPDCOCM02</ARBGB>
     <MSGNR>027</MSGNR>
     <TEXT>상태“&amp;”정보만 실행 가능합니다.</TEXT>
    </T100>
    <T100>
     <SPRSL>3</SPRSL>
     <ARBGB>ZRPDCOCM02</ARBGB>
     <MSGNR>028</MSGNR>
     <TEXT>&amp;1 금액이 너무 큽니다. [&amp;2]</TEXT>
    </T100>
    <T100>
     <SPRSL>3</SPRSL>
     <ARBGB>ZRPDCOCM02</ARBGB>
     <MSGNR>029</MSGNR>
     <TEXT>오류 내역이 존재합니다.</TEXT>
    </T100>
    <T100>
     <SPRSL>3</SPRSL>
     <ARBGB>ZRPDCOCM02</ARBGB>
     <MSGNR>030</MSGNR>
     <TEXT>에러 데이터가 존재합니다. 확인해주세요.</TEXT>
    </T100>
    <T100>
     <SPRSL>3</SPRSL>
     <ARBGB>ZRPDCOCM02</ARBGB>
     <MSGNR>031</MSGNR>
     <TEXT>변경이 발생하지 않았습니다.</TEXT>
    </T100>
    <T100>
     <SPRSL>3</SPRSL>
     <ARBGB>ZRPDCOCM02</ARBGB>
     <MSGNR>032</MSGNR>
     <TEXT>&amp;1, &amp;2 는(은) 필수 입력값입니다.</TEXT>
    </T100>
    <T100>
     <SPRSL>3</SPRSL>
     <ARBGB>ZRPDCOCM02</ARBGB>
     <MSGNR>033</MSGNR>
     <TEXT>&amp;1 을(를) 먼저 등록해 주세요.</TEXT>
    </T100>
    <T100>
     <SPRSL>3</SPRSL>
     <ARBGB>ZRPDCOCM02</ARBGB>
     <MSGNR>034</MSGNR>
     <TEXT>&amp;1 에서 조정전표를 역분개하지 않았습니다.</TEXT>
    </T100>
    <T100>
     <SPRSL>3</SPRSL>
     <ARBGB>ZRPDCOCM02</ARBGB>
     <MSGNR>040</MSGNR>
     <TEXT>&amp;1/&amp;2/&amp;3 에 회계뷰가 존재하지 않습니다.</TEXT>
    </T100>
    <T100>
     <SPRSL>3</SPRSL>
     <ARBGB>ZRPDCOCM02</ARBGB>
     <MSGNR>041</MSGNR>
     <TEXT>&amp;1/&amp;2/&amp;3 에 원가취합처가 존재하지 않습니다.</TEXT>
    </T100>
    <T100>
     <SPRSL>3</SPRSL>
     <ARBGB>ZRPDCOCM02</ARBGB>
     <MSGNR>042</MSGNR>
     <TEXT>&amp;1/&amp;2/&amp;3 에 조달대체가 존재하지 않습니다.</TEXT>
    </T100>
    <T100>
     <SPRSL>3</SPRSL>
     <ARBGB>ZRPDCOCM02</ARBGB>
     <MSGNR>043</MSGNR>
     <TEXT>&amp;1/&amp;2/&amp;3 에 표준원가가 존재하지 않습니다.</TEXT>
    </T100>
    <T100>
     <SPRSL>3</SPRSL>
     <ARBGB>ZRPDCOCM02</ARBGB>
     <MSGNR>044</MSGNR>
     <TEXT>&amp;1/&amp;2/&amp;3 에 혼합률이 존재하지 않습니다.</TEXT>
    </T100>
    <T100>
     <SPRSL>3</SPRSL>
     <ARBGB>ZRPDCOCM02</ARBGB>
     <MSGNR>045</MSGNR>
     <TEXT>&amp;1/&amp;2 에 원가뷰가 존재하지 않습니다.</TEXT>
    </T100>
    <T100>
     <SPRSL>3</SPRSL>
     <ARBGB>ZRPDCOCM02</ARBGB>
     <MSGNR>046</MSGNR>
     <TEXT>가중치는 100을 초과 할 수 없습니다.</TEXT>
    </T100>
    <T100>
     <SPRSL>3</SPRSL>
     <ARBGB>ZRPDCOCM02</ARBGB>
     <MSGNR>047</MSGNR>
     <TEXT>해당 산출기준은 손익센터, 손익센터그룹, 고객을 입력할 수 없습니다.</TEXT>
    </T100>
    <T100>
     <SPRSL>3</SPRSL>
     <ARBGB>ZRPDCOCM02</ARBGB>
     <MSGNR>048</MSGNR>
     <TEXT>손익센터, 손익센터그룹, 고객중 하나 이상을 입력하세요.</TEXT>
    </T100>
    <T100>
     <SPRSL>3</SPRSL>
     <ARBGB>ZRPDCOCM02</ARBGB>
     <MSGNR>049</MSGNR>
     <TEXT>기표대상 데이터가 없습니다.</TEXT>
    </T100>
    <T100>
     <SPRSL>3</SPRSL>
     <ARBGB>ZRPDCOCM02</ARBGB>
     <MSGNR>050</MSGNR>
     <TEXT>취소되었습니다.</TEXT>
    </T100>
    <T100>
     <SPRSL>3</SPRSL>
     <ARBGB>ZRPDCOCM02</ARBGB>
     <MSGNR>051</MSGNR>
     <TEXT>중복된 자료가 존재합니다.</TEXT>
    </T100>
    <T100>
     <SPRSL>3</SPRSL>
     <ARBGB>ZRPDCOCM02</ARBGB>
     <MSGNR>052</MSGNR>
     <TEXT>(&amp;) 중복된 자료가 존재합니다.</TEXT>
    </T100>
    <T100>
     <SPRSL>3</SPRSL>
     <ARBGB>ZRPDCOCM02</ARBGB>
     <MSGNR>053</MSGNR>
     <TEXT>업로드할 데이터가 없습니다.</TEXT>
    </T100>
    <T100>
     <SPRSL>3</SPRSL>
     <ARBGB>ZRPDCOCM02</ARBGB>
     <MSGNR>054</MSGNR>
     <TEXT>&amp;1 건이 업로드 되었습니다.</TEXT>
    </T100>
    <T100>
     <SPRSL>3</SPRSL>
     <ARBGB>ZRPDCOCM02</ARBGB>
     <MSGNR>055</MSGNR>
     <TEXT>다운로드가 완료 되었습니다.</TEXT>
    </T100>
    <T100>
     <SPRSL>3</SPRSL>
     <ARBGB>ZRPDCOCM02</ARBGB>
     <MSGNR>056</MSGNR>
     <TEXT>조회할 데이터가 없습니다. 자재 마스터(T-CODE: MM03), 생산 버전(T-CODE: C223) 생성 여부를 확인하십시오.</TEXT>
    </T100>
    <T100>
     <SPRSL>3</SPRSL>
     <ARBGB>ZRPDCOCM02</ARBGB>
     <MSGNR>057</MSGNR>
     <TEXT>계정 그룹코드를 확인하세요.(1건만 등록 가능, 코드 마스터 &amp;1)</TEXT>
    </T100>
    <T100>
     <SPRSL>3</SPRSL>
     <ARBGB>ZRPDCOCM02</ARBGB>
     <MSGNR>058</MSGNR>
     <TEXT>차이금액이 &amp; 이상 입니다.</TEXT>
    </T100>
    <T100>
     <SPRSL>3</SPRSL>
     <ARBGB>ZRPDCOCM02</ARBGB>
     <MSGNR>059</MSGNR>
     <TEXT>조정대상 자재가 없습니다.</TEXT>
    </T100>
    <T100>
     <SPRSL>3</SPRSL>
     <ARBGB>ZRPDCOCM02</ARBGB>
     <MSGNR>060</MSGNR>
     <TEXT>코드를 확인하세요.(코드 마스터 &amp;1)</TEXT>
    </T100>
    <T100>
     <SPRSL>3</SPRSL>
     <ARBGB>ZRPDCOCM02</ARBGB>
     <MSGNR>061</MSGNR>
     <TEXT>역분개 대상 데이터가 없습니다.</TEXT>
    </T100>
    <T100>
     <SPRSL>3</SPRSL>
     <ARBGB>ZRPDCOCM02</ARBGB>
     <MSGNR>062</MSGNR>
     <TEXT>세부 내역이 없습니다.</TEXT>
    </T100>
    <T100>
     <SPRSL>3</SPRSL>
     <ARBGB>ZRPDCOCM02</ARBGB>
     <MSGNR>063</MSGNR>
     <TEXT>입력한 플랜트가 관리회계 영역 &amp;1 내에 없습니다.</TEXT>
    </T100>
    <T100>
     <SPRSL>3</SPRSL>
     <ARBGB>ZRPDCOCM02</ARBGB>
     <MSGNR>064</MSGNR>
     <TEXT>배치잡 &amp;1 이(가) 정상적으로 등록 되었습니다.</TEXT>
    </T100>
    <T100>
     <SPRSL>3</SPRSL>
     <ARBGB>ZRPDCOCM02</ARBGB>
     <MSGNR>065</MSGNR>
     <TEXT>실행중인 배치잡 &amp;1 이(가) 존재합니다.</TEXT>
    </T100>
    <T100>
     <SPRSL>3</SPRSL>
     <ARBGB>ZRPDCOCM02</ARBGB>
     <MSGNR>066</MSGNR>
     <TEXT>전자 결재 데이터가 없습니다. (관리자에게 문의하세요)</TEXT>
    </T100>
    <T100>
     <SPRSL>3</SPRSL>
     <ARBGB>ZRPDCOCM02</ARBGB>
     <MSGNR>067</MSGNR>
     <TEXT>SAP 결재 요청 문서가 없습니다. (관리자에게 문의하세요)</TEXT>
    </T100>
    <T100>
     <SPRSL>3</SPRSL>
     <ARBGB>ZRPDCOCM02</ARBGB>
     <MSGNR>068</MSGNR>
     <TEXT>&amp;1에서 &amp;2으로 예산이관은 허용되지 않습니다.</TEXT>
    </T100>
    <T100>
     <SPRSL>3</SPRSL>
     <ARBGB>ZRPDCOCM02</ARBGB>
     <MSGNR>069</MSGNR>
     <TEXT>예산 이관 요청 금액이 가용예산을 초과합니다. (&amp;1 / &amp;2 / &amp;3 &amp;4)</TEXT>
    </T100>
    <T100>
     <SPRSL>3</SPRSL>
     <ARBGB>ZRPDCOCM02</ARBGB>
     <MSGNR>070</MSGNR>
     <TEXT>삭제중 오류가 발생하였습니다.</TEXT>
    </T100>
    <T100>
     <SPRSL>3</SPRSL>
     <ARBGB>ZRPDCOCM02</ARBGB>
     <MSGNR>071</MSGNR>
     <TEXT>상세 데이터가 조회되었습니다.</TEXT>
    </T100>
    <T100>
     <SPRSL>3</SPRSL>
     <ARBGB>ZRPDCOCM02</ARBGB>
     <MSGNR>072</MSGNR>
     <TEXT>조달대체가 생성되지 않았습니다.</TEXT>
    </T100>
    <T100>
     <SPRSL>3</SPRSL>
     <ARBGB>ZRPDCOCM02</ARBGB>
     <MSGNR>073</MSGNR>
     <TEXT>먼저 역분개를 진행해 주세요.</TEXT>
    </T100>
    <T100>
     <SPRSL>3</SPRSL>
     <ARBGB>ZRPDCOCM02</ARBGB>
     <MSGNR>074</MSGNR>
     <TEXT>&amp;1와 &amp;2 중 하나만 입력하세요.</TEXT>
    </T100>
    <T100>
     <SPRSL>3</SPRSL>
     <ARBGB>ZRPDCOCM02</ARBGB>
     <MSGNR>075</MSGNR>
     <TEXT>처리가 완료되었습니다. - &amp; 건</TEXT>
    </T100>
    <T100>
     <SPRSL>3</SPRSL>
     <ARBGB>ZRPDCOCM02</ARBGB>
     <MSGNR>076</MSGNR>
     <TEXT>성공적으로 삭제되었습니다.</TEXT>
    </T100>
    <T100>
     <SPRSL>3</SPRSL>
     <ARBGB>ZRPDCOCM02</ARBGB>
     <MSGNR>077</MSGNR>
     <TEXT>성공적으로 저장되었습니다.</TEXT>
    </T100>
    <T100>
     <SPRSL>3</SPRSL>
     <ARBGB>ZRPDCOCM02</ARBGB>
     <MSGNR>078</MSGNR>
     <TEXT>대상 데이터를 저장하시겠습니까?</TEXT>
    </T100>
    <T100>
     <SPRSL>3</SPRSL>
     <ARBGB>ZRPDCOCM02</ARBGB>
     <MSGNR>079</MSGNR>
     <TEXT>대상 데이터를 삭제하시겠습니까?</TEXT>
    </T100>
    <T100>
     <SPRSL>3</SPRSL>
     <ARBGB>ZRPDCOCM02</ARBGB>
     <MSGNR>080</MSGNR>
     <TEXT>저장중 오류가 발생하였습니다.</TEXT>
    </T100>
    <T100>
     <SPRSL>3</SPRSL>
     <ARBGB>ZRPDCOCM02</ARBGB>
     <MSGNR>100</MSGNR>
     <TEXT>관리회계영역을 확인해 주세요.</TEXT>
    </T100>
    <T100>
     <SPRSL>3</SPRSL>
     <ARBGB>ZRPDCOCM02</ARBGB>
     <MSGNR>101</MSGNR>
     <TEXT>통화유형을 확인해 주세요.</TEXT>
    </T100>
    <T100>
     <SPRSL>3</SPRSL>
     <ARBGB>ZRPDCOCM02</ARBGB>
     <MSGNR>102</MSGNR>
     <TEXT>관리회계영역을 입력하십시오.</TEXT>
    </T100>
    <T100>
     <SPRSL>3</SPRSL>
     <ARBGB>ZRPDCOCM02</ARBGB>
     <MSGNR>103</MSGNR>
     <TEXT>경영단위를 입력하십시오.</TEXT>
    </T100>
    <T100>
     <SPRSL>3</SPRSL>
     <ARBGB>ZRPDCOCM02</ARBGB>
     <MSGNR>104</MSGNR>
     <TEXT>코스트센터 그룹은 필수 입력값입니다.</TEXT>
    </T100>
    <T100>
     <SPRSL>3</SPRSL>
     <ARBGB>ZRPDCOCM02</ARBGB>
     <MSGNR>105</MSGNR>
     <TEXT>원가요소 그룹은 필수 입력값입니다.</TEXT>
    </T100>
    <T100>
     <SPRSL>3</SPRSL>
     <ARBGB>ZRPDCOCM02</ARBGB>
     <MSGNR>106</MSGNR>
     <TEXT>참조 값필드는 필수 입력값입니다.</TEXT>
    </T100>
    <T100>
     <SPRSL>3</SPRSL>
     <ARBGB>ZRPDCOCM02</ARBGB>
     <MSGNR>107</MSGNR>
     <TEXT>중복된 코스트센터가 존재합니다.</TEXT>
    </T100>
    <T100>
     <SPRSL>3</SPRSL>
     <ARBGB>ZRPDCOCM02</ARBGB>
     <MSGNR>108</MSGNR>
     <TEXT>조회되었습니다.</TEXT>
    </T100>
    <T100>
     <SPRSL>3</SPRSL>
     <ARBGB>ZRPDCOCM02</ARBGB>
     <MSGNR>109</MSGNR>
     <TEXT>평가유형은 필수입니다.</TEXT>
    </T100>
    <T100>
     <SPRSL>3</SPRSL>
     <ARBGB>ZRPDCOCM02</ARBGB>
     <MSGNR>500</MSGNR>
     <TEXT>데이타를 최신표시했습니다.</TEXT>
    </T100>
    <T100>
     <SPRSL>3</SPRSL>
     <ARBGB>ZRPDCOCM02</ARBGB>
     <MSGNR>501</MSGNR>
     <TEXT>조달대체를 생성하였습니다.</TEXT>
    </T100>
    <T100>
     <SPRSL>3</SPRSL>
     <ARBGB>ZRPDCOCM02</ARBGB>
     <MSGNR>502</MSGNR>
     <TEXT>처리할 데이터가 존재하지 않습니다.</TEXT>
    </T100>
    <T100>
     <SPRSL>3</SPRSL>
     <ARBGB>ZRPDCOCM02</ARBGB>
     <MSGNR>503</MSGNR>
     <TEXT>코스트센터 &amp;1 의 SCQ임률이 없습니다.</TEXT>
    </T100>
    <T100>
     <SPRSL>3</SPRSL>
     <ARBGB>ZRPDCOCM02</ARBGB>
     <MSGNR>504</MSGNR>
     <TEXT>처리가 완료되었습니다.</TEXT>
    </T100>
    <T100>
     <SPRSL>3</SPRSL>
     <ARBGB>ZRPDCOCM02</ARBGB>
     <MSGNR>505</MSGNR>
     <TEXT>하위 품목 선택 조건중 하나라도 선택하세요.</TEXT>
    </T100>
    <T100>
     <SPRSL>3</SPRSL>
     <ARBGB>ZRPDCOCM02</ARBGB>
     <MSGNR>506</MSGNR>
     <TEXT>재료비 원가요소를 확인하세요.(T-CODE: OBYC, GBB-VBR)</TEXT>
    </T100>
    <T100>
     <SPRSL>3</SPRSL>
     <ARBGB>ZRPDCOCM02</ARBGB>
     <MSGNR>507</MSGNR>
     <TEXT>&amp;1 &amp;2 가(이) 유효하지 않습니다.</TEXT>
    </T100>
    <T100>
     <SPRSL>3</SPRSL>
     <ARBGB>ZRPDCOCM02</ARBGB>
     <MSGNR>508</MSGNR>
     <TEXT>원가요소 &amp;1 가(이) 유효하지 않습니다.</TEXT>
    </T100>
    <T100>
     <SPRSL>3</SPRSL>
     <ARBGB>ZRPDCOCM02</ARBGB>
     <MSGNR>509</MSGNR>
     <TEXT>관리회계 영역 &amp;1에 버전 &amp;2가 유효하지 않습니다.</TEXT>
    </T100>
    <T100>
     <SPRSL>3</SPRSL>
     <ARBGB>ZRPDCOCM02</ARBGB>
     <MSGNR>510</MSGNR>
     <TEXT>공통 코스트센터 &amp;1의 값이 유효하지 않습니다.</TEXT>
    </T100>
    <T100>
     <SPRSL>3</SPRSL>
     <ARBGB>ZRPDCOCM02</ARBGB>
     <MSGNR>511</MSGNR>
     <TEXT>코스트센터그룹에 코스트센터가 등록되지 않았습니다.</TEXT>
    </T100>
    <T100>
     <SPRSL>3</SPRSL>
     <ARBGB>ZRPDCOCM02</ARBGB>
     <MSGNR>512</MSGNR>
     <TEXT>플랜트가 관리회계 영역 &amp;1 내에 없습니다.</TEXT>
    </T100>
    <T100>
     <SPRSL>3</SPRSL>
     <ARBGB>ZRPDCOCM02</ARBGB>
     <MSGNR>513</MSGNR>
     <TEXT>관리회계영역 &amp;1 에 대해 &amp;2 &amp;3 가(이) 유효하지 않습니다.</TEXT>
    </T100>
    <T100>
     <SPRSL>3</SPRSL>
     <ARBGB>ZRPDCOCM02</ARBGB>
     <MSGNR>514</MSGNR>
     <TEXT>아직 대상자재 추출이 수행되지 않았습니다(T-CODE: ZCOR0690).</TEXT>
    </T100>
    <T100>
     <SPRSL>3</SPRSL>
     <ARBGB>ZRPDCOCM02</ARBGB>
     <MSGNR>515</MSGNR>
     <TEXT>입력한 자재코드가 장기계획시나리오 &amp;1 내에 없습니다.</TEXT>
    </T100>
    <T100>
     <SPRSL>3</SPRSL>
     <ARBGB>ZRPDCOCM02</ARBGB>
     <MSGNR>516</MSGNR>
     <TEXT>입력한 플랜트가 회사코드 &amp;1 내에 없습니다.</TEXT>
    </T100>
    <T100>
     <SPRSL>3</SPRSL>
     <ARBGB>ZRPDCOCM02</ARBGB>
     <MSGNR>517</MSGNR>
     <TEXT>관리회계 영역 &amp;1 회계연도 &amp;2에 계획시나리오가 없습니다(T-CODE: OMIK)</TEXT>
    </T100>
    <T100>
     <SPRSL>3</SPRSL>
     <ARBGB>ZRPDCOCM02</ARBGB>
     <MSGNR>518</MSGNR>
     <TEXT>플랜트 &amp;1 는 평가유형 필수 플랜트가 아닙니다.</TEXT>
    </T100>
    <T100>
     <SPRSL>3</SPRSL>
     <ARBGB>ZRPDCOCM02</ARBGB>
     <MSGNR>519</MSGNR>
     <TEXT>회사코드 &amp;1, 기간 &amp;2의 모든 대상 데이터를 삭제합니다. 계속하시겠습니까?</TEXT>
    </T100>
    <T100>
     <SPRSL>3</SPRSL>
     <ARBGB>ZRPDCOCM02</ARBGB>
     <MSGNR>520</MSGNR>
     <TEXT>개월수는 0 보다 커야 합니다.</TEXT>
    </T100>
    <T100>
     <SPRSL>3</SPRSL>
     <ARBGB>ZRPDCOCM02</ARBGB>
     <MSGNR>521</MSGNR>
     <TEXT>종료개월수는 시작개월수보다 커야 합니다.</TEXT>
    </T100>
    <T100>
     <SPRSL>3</SPRSL>
     <ARBGB>ZRPDCOCM02</ARBGB>
     <MSGNR>522</MSGNR>
     <TEXT>효력종료기간이 효력시작기간보다 커야 합니다.</TEXT>
    </T100>
    <T100>
     <SPRSL>3</SPRSL>
     <ARBGB>ZRPDCOCM02</ARBGB>
     <MSGNR>523</MSGNR>
     <TEXT>효력기간이 중복됩니다.</TEXT>
    </T100>
    <T100>
     <SPRSL>3</SPRSL>
     <ARBGB>ZRPDCOCM02</ARBGB>
     <MSGNR>524</MSGNR>
     <TEXT>개월수 기간이 중복됩니다.</TEXT>
    </T100>
    <T100>
     <SPRSL>3</SPRSL>
     <ARBGB>ZRPDCOCM02</ARBGB>
     <MSGNR>525</MSGNR>
     <TEXT>&amp;은 1 이상 100 이하 이여야 합니다.</TEXT>
    </T100>
    <T100>
     <SPRSL>3</SPRSL>
     <ARBGB>ZRPDCOCM02</ARBGB>
     <MSGNR>526</MSGNR>
     <TEXT>회사코드 &amp;1, 연월 &amp;2의 재고평가 기준이 없습니다.</TEXT>
    </T100>
    <T100>
     <SPRSL>3</SPRSL>
     <ARBGB>ZRPDCOCM02</ARBGB>
     <MSGNR>527</MSGNR>
     <TEXT>타계정대체처리용 코스트센터 오류입니다(그룹코드: CO0020 )</TEXT>
    </T100>
    <T100>
     <SPRSL>3</SPRSL>
     <ARBGB>ZRPDCOCM02</ARBGB>
     <MSGNR>528</MSGNR>
     <TEXT>장기재고 기준연월은 회계연도/월 보다 작아야합니다.</TEXT>
    </T100>
    <T100>
     <SPRSL>3</SPRSL>
     <ARBGB>ZRPDCOCM02</ARBGB>
     <MSGNR>529</MSGNR>
     <TEXT>&amp;은 입력할 수 없습니다.</TEXT>
    </T100>
    <T100>
     <SPRSL>3</SPRSL>
     <ARBGB>ZRPDCOCM02</ARBGB>
     <MSGNR>530</MSGNR>
     <TEXT>화면 내의 전체 전표를 생성합니다. 계속하시겠습니까?</TEXT>
    </T100>
    <T100>
     <SPRSL>3</SPRSL>
     <ARBGB>ZRPDCOCM02</ARBGB>
     <MSGNR>531</MSGNR>
     <TEXT>전표를 생성합니다. 계속하시겠습니까?</TEXT>
    </T100>
    <T100>
     <SPRSL>3</SPRSL>
     <ARBGB>ZRPDCOCM02</ARBGB>
     <MSGNR>532</MSGNR>
     <TEXT>이미 기표된 데이터가 있습니다. 역분개 후 처리하겠습니까?</TEXT>
    </T100>
    <T100>
     <SPRSL>3</SPRSL>
     <ARBGB>ZRPDCOCM02</ARBGB>
     <MSGNR>533</MSGNR>
     <TEXT>화면 내의 전체 전표를 역분개합니다. 계속하시겠습니까?</TEXT>
    </T100>
    <T100>
     <SPRSL>3</SPRSL>
     <ARBGB>ZRPDCOCM02</ARBGB>
     <MSGNR>534</MSGNR>
     <TEXT>모든 대상 데이터를 저장합니다. 계속하시겠습니까?</TEXT>
    </T100>
    <T100>
     <SPRSL>3</SPRSL>
     <ARBGB>ZRPDCOCM02</ARBGB>
     <MSGNR>535</MSGNR>
     <TEXT>선택한 라인이 전부 기표됩니다. 계속하시겠습니까?</TEXT>
    </T100>
    <T100>
     <SPRSL>3</SPRSL>
     <ARBGB>ZRPDCOCM02</ARBGB>
     <MSGNR>536</MSGNR>
     <TEXT>선택한 라인을 전부 역분개됩니다. 계속하시겠습니까?</TEXT>
    </T100>
    <T100>
     <SPRSL>3</SPRSL>
     <ARBGB>ZRPDCOCM02</ARBGB>
     <MSGNR>537</MSGNR>
     <TEXT>가격관리 &apos;S&apos;만 조정 가능합니다.</TEXT>
    </T100>
    <T100>
     <SPRSL>3</SPRSL>
     <ARBGB>ZRPDCOCM02</ARBGB>
     <MSGNR>538</MSGNR>
     <TEXT>이전 기간에 대한 반대 분개가 처리되지 않았습니다. 그래도 당월 전표부터 처리하시겠습니까?</TEXT>
    </T100>
    <T100>
     <SPRSL>3</SPRSL>
     <ARBGB>ZRPDCOCM02</ARBGB>
     <MSGNR>901</MSGNR>
     <TEXT>T-CODE: KSPP 갱신 수행 시 반드시 &apos;계획/SOP오더&apos;를 선택하십시오</TEXT>
    </T100>
    <T100>
     <SPRSL>3</SPRSL>
     <ARBGB>ZRPDCOCM02</ARBGB>
     <MSGNR>902</MSGNR>
     <TEXT>&amp;1 / &amp;2의 구매단가가 없습니다.</TEXT>
    </T100>
    <T100>
     <SPRSL>3</SPRSL>
     <ARBGB>ZRPDCOCM02</ARBGB>
     <MSGNR>903</MSGNR>
     <TEXT>&amp;1 / &amp;2 / &amp;3의 사업계획 단가가 없습니다(T-CODE:ZMMM0010)</TEXT>
    </T100>
    <T100>
     <SPRSL>3</SPRSL>
     <ARBGB>ZRPDCOCM02</ARBGB>
     <MSGNR>904</MSGNR>
     <TEXT>&amp;1 / &amp;2 / &amp;3의 쿼터 합이 100이 아닙니다.</TEXT>
    </T100>
    <T100>
     <SPRSL>3</SPRSL>
     <ARBGB>ZRPDCOCM02</ARBGB>
     <MSGNR>999</MSGNR>
     <TEXT>&amp;</TEXT>
    </T100>
   </T100>
  </asx:values>
 </asx:abap>
</abapGit>
